Time,Raw_dBFS,S21_dB,S21_Gaussian,S21_SavGol,Baseline,Diff_dB,Detect_Flag,Minima_Flag,OBJ,Height
0.481153,-6.37541,-8.17541,-8.38719,-8.3787,0,8.3787,0,0,MINE_TEST,1.25
0.507187,-6.97046,-8.77046,-8.69895,-8.40628,0,8.40628,0,0,MINE_TEST,1.25
0.533141,-7.50262,-9.30262,-8.99361,-8.48505,0,8.48505,0,0,MINE_TEST,1.25
0.559513,-7.8269,-9.6269,-9.19828,-8.60574,0,8.60574,0,0,MINE_TEST,1.25
0.586027,-7.78031,-9.58031,-9.28097,-8.7651,0,8.7651,0,0,MINE_TEST,1.25
0.615208,-7.5619,-9.3619,-9.25726,-8.95912,0,8.95912,0,0,MINE_TEST,1.25
0.641321,-7.30448,-9.10448,-9.17646,-9.17604,0,9.17604,0,0,MINE_TEST,1.25
0.667503,-7.16402,-8.96402,-9.10045,-9.39476,0,9.39476,0,0,MINE_TEST,1.25
0.693457,-7.0969,-8.8969,-9.09017,-9.59025,0,9.59025,0,0,MINE_TEST,1.25
0.719899,-7.06227,-8.86227,-9.20012,-9.74279,0,9.74279,0,0,MINE_TEST,1.25
0.745836,-7.07733,-8.87733,-9.46648,-9.84528,0,9.84528,0,0,MINE_TEST,1.25
0.771918,-7.6497,-9.4497,-9.88039,-9.90573,0,9.90573,0,0,MINE_TEST,1.25
0.798258,-8.72755,-10.5275,-10.3643,-9.94524,0,9.94524,0,0,MINE_TEST,1.25
0.824299,-9.50799,-11.308,-10.7826,-9.99337,0,9.99337,0,0,MINE_TEST,1.25
0.850326,-10.0928,-11.8928,-10.997,-10.0827,0,10.0827,0,0,MINE_TEST,1.25
0.876287,-10.2682,-12.0682,-10.9447,-10.2431,0,10.2431,0,0,MINE_TEST,1.25
0.90226,-8.87079,-10.6708,-10.6897,-10.4964,0,10.4964,0,0,MINE_TEST,1.25
0.928355,-7.79853,-9.59853,-10.4034,-10.8504,0,10.8504,0,0,MINE_TEST,1.25
0.954482,-7.72934,-9.52934,-10.2845,-11.2973,0,11.2973,0,0,MINE_TEST,1.25
0.980499,-7.80737,-9.60737,-10.4767,-11.8151,0,11.8151,0,0,MINE_TEST,1.25
1.00627,-8.36231,-10.1623,-11.0327,-12.3739,0,12.3739,0,0,MINE_TEST,1.25
1.0326,-9.57484,-11.3748,-11.9184,-12.9425,0,12.9425,0,0,MINE_TEST,1.25
1.05862,-11.0126,-12.8126,-13.0285,-13.4908,0,13.4908,0,0,MINE_TEST,1.25
1.08482,-12.5964,-14.3964,-14.2021,-13.9886,0,13.9886,0,0,MINE_TEST,1.25
1.11068,-14.1696,-15.9696,-15.245,-14.402,0,14.402,0,0,MINE_TEST,1.25
1.13669,-15.3934,-17.1934,-15.9672,-14.691,0,14.691,0,0,MINE_TEST,1.25
1.16267,-15.8521,-17.6521,-16.2337,-14.8121,0,14.8121,0,0,MINE_TEST,1.25
1.18864,-15.1681,-16.9681,-16.0054,-14.7267,0,14.7267,0,0,MINE_TEST,1.25
1.21462,-14.0484,-15.8484,-15.3395,-14.4111,0,14.4111,0,0,MINE_TEST,1.25
1.24093,-12.8931,-14.6931,-14.3512,-13.8645,-10.0827,3.7818,0,0,MINE_TEST,1.25
1.26724,-11.5468,-13.3468,-13.1687,-13.1101,-10.2431,2.86702,0,0,MINE_TEST,1.25
1.29338,-10.0458,-11.8458,-11.9093,-12.1934,-10.2431,1.95023,0,0,MINE_TEST,1.25
1.31952,-8.55286,-10.3529,-10.673,-11.1759,-10.4964,0.679573,0,0,MINE_TEST,1.25
1.34549,-7.33466,-9.13466,-9.53793,-10.1294,-10.2431,0.113752,0,0,MINE_TEST,1.25
1.37193,-6.37617,-8.17617,-8.55272,-9.12585,-10.2431,1.11727,0,0,MINE_TEST,1.25
1.398,-5.61395,-7.41395,-7.73609,-8.22848,-10.1294,1.90089,0,0,MINE_TEST,1.25
1.42438,-4.99525,-6.79525,-7.08698,-7.4828,-10.1294,2.64656,0,0,MINE_TEST,1.25
1.4507,-4.49173,-6.29173,-6.59784,-6.91259,-10.0827,3.17008,0,0,MINE_TEST,1.25
1.47725,-4.14421,-5.94421,-6.26207,-6.52095,-10.0827,3.56172,0,0,MINE_TEST,1.25
1.50312,-3.99354,-5.79354,-6.07429,-6.2952,-9.99337,3.69817,0,0,MINE_TEST,1.25
1.5288,-3.97847,-5.77847,-6.02739,-6.21233,-9.99337,3.78104,0,0,MINE_TEST,1.25
1.55474,-4.02554,-5.82554,-6.10846,-6.24319,-9.94524,3.70205,0,0,MINE_TEST,1.25
1.58073,-4.3009,-6.1009,-6.2947,-6.35558,-9.94524,3.58966,0,0,MINE_TEST,1.25
1.60656,-4.75268,-6.55268,-6.55167,-6.5172,-9.90573,3.38854,0,0,MINE_TEST,1.25
1.63756,-5.08516,-6.88516,-6.83751,-6.69851,-9.90573,3.20722,0,0,MINE_TEST,1.25
1.66341,-5.39467,-7.19467,-7.11053,-6.87495,-9.84528,2.97034,0,0,MINE_TEST,1.25
1.68944,-5.67338,-7.47338,-7.33489,-7.02824,-9.84528,2.81705,0,0,MINE_TEST,1.25
1.71549,-6.04074,-7.84074,-7.48466,-7.14709,-9.74279,2.5957,0,0,MINE_TEST,1.25
1.7413,-5.82322,-7.62322,-7.5472,-7.22695,-9.74279,2.51585,0,0,MINE_TEST,1.25
1.76748,-5.86383,-7.66383,-7.52326,-7.26812,-9.59025,2.32213,0,0,MINE_TEST,1.25
1.79379,-5.86393,-7.66393,-7.42411,-7.27204,-9.59025,2.31821,0,0,MINE_TEST,1.25
1.81968,-5.46846,-7.26846,-7.2704,-7.2371,-9.39476,2.15766,0,0,MINE_TEST,1.25
1.84575,-5.29832,-7.09832,-7.09293,-7.15635,-9.39476,2.23841,0,0,MINE_TEST,1.25
1.87181,-5.01598,-6.81598,-6.92996,-7.02152,-9.17604,2.15453,0,0,MINE_TEST,1.25
1.89785,-4.75796,-6.55796,-6.81847,-6.83633,-9.17604,2.33972,0,0,MINE_TEST,1.25
1.92379,-4.78847,-6.58847,-6.78206,-6.63684,-9.12585,2.48901,0,0,MINE_TEST,1.25
1.94992,-4.85533,-6.65533,-6.82067,-6.50383,-9.12585,2.62202,0,0,MINE_TEST,1.25
1.97612,-5.05537,-6.85537,-6.90746,-6.54477,-8.95912,2.41435,0,0,MINE_TEST,1.25
2.00247,-5.36203,-7.16203,-6.99934,-6.84293,-8.95912,2.11619,0,0,MINE_TEST,1.25
2.02867,-5.532,-7.332,-7.06558,-7.40785,-8.7651,1.35726,0,0,MINE_TEST,1.25
2.05458,-5.46109,-7.26109,-7.13269,-8.16861,-8.7651,0.596497,0,0,MINE_TEST,1.25
2.08059,-5.06538,-6.86538,-7.32009,-9.01225,-8.7651,0.247144,0,0,MINE_TEST,1.25
2.10651,-4.76904,-6.56904,-7.84886,-9.83249,-8.95912,0.873366,0,0,MINE_TEST,1.25
2.13219,-5.12659,-6.92659,-8.96805,-10.5585,-8.95912,1.59939,0,0,MINE_TEST,1.25
2.15835,-6.59585,-8.39585,-10.7801,-11.1597,-9.01225,2.14748,0,0,MINE_TEST,1.25
2.18485,-9.57395,-11.3739,-13.0168,-11.6371,-9.01225,2.6248,0,0,MINE_TEST,1.25
2.2111,-15.0061,-16.8061,-14.9754,-12.0102,-9.12585,2.88432,0,0,MINE_TEST,1.25
2.23746,-25.2026,-27.0026,-15.8431,-12.3051,-9.12585,3.17923,0,0,MINE_TEST,1.25
2.26365,-15.0777,-16.8777,-15.274,-12.5429,-9.17604,3.36686,0,0,MINE_TEST,1.25
2.2898,-9.82321,-11.6232,-13.6806,-12.7319,-9.17604,3.55591,0,0,MINE_TEST,1.25
2.31561,-7.49285,-9.29285,-11.9172,-12.8653,-9.39476,3.47055,0,0,MINE_TEST,1.25
2.34134,-6.73453,-8.53453,-10.699,-12.926,-9.39476,3.53124,0,0,MINE_TEST,1.25
2.36727,-7.01581,-8.81581,-10.2936,-12.8995,-9.59025,3.30924,0,0,MINE_TEST,1.25
2.39308,-7.98554,-9.78554,-10.5963,-12.7909,-9.59025,3.20067,0,0,MINE_TEST,1.25
2.41902,-9.34351,-11.1435,-11.3419,-12.6393,-9.74279,2.89655,0,0,MINE_TEST,1.25
2.44541,-10.7433,-12.5433,-12.2538,-12.5173,-9.74279,2.77446,0,0,MINE_TEST,1.25
2.47169,-11.9108,-13.7108,-13.1085,-12.5048,-9.83249,2.67229,0,0,MINE_TEST,1.25
2.49772,-12.7078,-14.5078,-13.7516,-12.6435,-9.83249,2.81101,0,0,MINE_TEST,1.25
2.52371,-13.0488,-14.8488,-14.108,-12.9013,-9.84528,3.05597,0,0,MINE_TEST,1.25
2.54972,-12.8971,-14.6971,-14.1748,-13.182,-9.84528,3.33667,0,0,MINE_TEST,1.25
2.57616,-12.478,-14.278,-14.0019,-13.3768,-9.90573,3.47109,0,0,MINE_TEST,1.25
2.60183,-11.9768,-13.7768,-13.6628,-13.4149,-9.90573,3.5092,0,0,MINE_TEST,1.25
2.62801,-11.4741,-13.2741,-13.2291,-13.2792,-9.94524,3.33392,0,0,MINE_TEST,1.25
2.65986,-10.9732,-12.7732,-12.7577,-12.9917,-9.94524,3.04648,0,0,MINE_TEST,1.25
2.68619,-10.3854,-12.1854,-12.2889,-12.5925,-9.99337,2.59912,0,0,MINE_TEST,1.25
2.71234,-9.85993,-11.6599,-11.8462,-12.1241,-9.99337,2.13072,0,0,MINE_TEST,1.25
2.73821,-9.58467,-11.3847,-11.4344,-11.6244,-10.0827,1.54176,0,0,MINE_TEST,1.25
2.76408,-9.36439,-11.1644,-11.0428,-11.1236,-10.0827,1.04094,0,0,MINE_TEST,1.25
2.79007,-8.86365,-10.6636,-10.658,-10.6428,-10.1294,0.513386,0,0,MINE_TEST,1.25
2.81612,-8.39506,-10.1951,-10.273,-10.195,-10.1294,0.0656439,0,0,MINE_TEST,1.25
2.8422,-8.10103,-9.90103,-9.88708,-9.78776,-10.1294,0.341606,0,0,MINE_TEST,1.25
2.86833,-7.74508,-9.54508,-9.50209,-9.42501,-10.0827,0.657652,0,0,MINE_TEST,1.25
2.89424,-7.35862,-9.15862,-9.12548,-9.10901,-10.0827,0.973651,0,0,MINE_TEST,1.25
2.92047,-6.80861,-8.60861,-8.77598,-8.84097,-9.99337,1.15239,0,0,MINE_TEST,1.25
2.94666,-6.46975,-8.26975,-8.48134,-8.62151,-9.99337,1.37185,0,0,MINE_TEST,1.25
2.97306,-6.26495,-8.06495,-8.26793,-8.45131,-9.94524,1.49393,0,0,MINE_TEST,1.25
2.99898,-6.10923,-7.90923,-8.15109,-8.3314,-9.94524,1.61384,0,0,MINE_TEST,1.25
3.02532,-6.15892,-7.95892,-8.13152,-8.26254,-9.90573,1.6432,0,0,MINE_TEST,1.25
3.05122,-6.21782,-8.01782,-8.19644,-8.24455,-9.90573,1.66119,0,0,MINE_TEST,1.25
3.07732,-6.49464,-8.29464,-8.32308,-8.27699,-9.84528,1.56829,0,0,MINE_TEST,1.25
3.10358,-6.69689,-8.49689,-8.48523,-8.36126,-9.84528,1.48402,0,0,MINE_TEST,1.25
3.12979,-6.87523,-8.67523,-8.66204,-8.50183,-9.84528,1.34345,0,0,MINE_TEST,1.25
3.15583,-7.0742,-8.8742,-8.84505,-8.70478,-9.84528,1.1405,0,0,MINE_TEST,1.25
3.18194,-7.17865,-8.97865,-9.0397,-8.97453,-9.84528,0.870752,0,0,MINE_TEST,1.25
3.20806,-7.33429,-9.13429,-9.26038,-9.31106,-9.84528,0.53422,0,0,MINE_TEST,1.25
3.23393,-7.60098,-9.40098,-9.52377,-9.70902,-9.84528,0.13626,0,0,MINE_TEST,1.25
3.2603,-7.95696,-9.75696,-9.8467,-10.1581,-9.90573,0.25239,0,0,MINE_TEST,1.25
3.28605,-8.28095,-10.081,-10.2489,-10.6437,-9.94524,0.698495,0,0,MINE_TEST,1.25
3.31227,-8.60894,-10.4089,-10.7506,-11.1473,-9.99337,1.15392,0,0,MINE_TEST,1.25
3.33824,-9.18717,-10.9872,-11.3557,-11.6467,-10.0827,1.56404,0,0,MINE_TEST,1.25
3.36418,-10.1681,-11.9681,-12.0299,-12.1175,-10.1294,1.98812,0,0,MINE_TEST,1.25
3.39011,-11.2412,-13.0412,-12.6977,-12.5343,-10.1581,2.37622,0,0,MINE_TEST,1.25
3.41598,-11.9719,-13.7719,-13.2667,-12.8735,-10.195,2.67845,0,0,MINE_TEST,1.25
3.44181,-12.3411,-14.1411,-13.6631,-13.1148,-10.2431,2.87168,0,0,MINE_TEST,1.25
3.46777,-12.4751,-14.2751,-13.8504,-13.2441,-10.4964,2.74771,0,0,MINE_TEST,1.25
3.49383,-12.4311,-14.2311,-13.8256,-13.2542,-10.5585,2.69571,0,0,MINE_TEST,1.25
3.51984,-12.174,-13.974,-13.6073,-13.1462,-10.6428,2.50348,0,0,MINE_TEST,1.25
3.54579,-11.7028,-13.5028,-13.2293,-12.9298,-10.6428,2.28702,0,0,MINE_TEST,1.25
3.57149,-11.0582,-12.8582,-12.7397,-12.624,-10.6428,1.98127,0,0,MINE_TEST,1.25
3.59754,-10.3371,-12.1371,-12.199,-12.2583,-10.6428,1.61554,0,0,MINE_TEST,1.25
3.62344,-9.68263,-11.4826,-11.6704,-11.8713,-10.6428,1.2285,0,0,MINE_TEST,1.25
3.64938,-9.15155,-10.9515,-11.2087,-11.507,-10.6428,0.864198,0,0,MINE_TEST,1.25
3.68004,-8.77699,-10.577,-10.8534,-11.2081,-10.6428,0.565354,0,0,MINE_TEST,1.25
3.70628,-8.53784,-10.3378,-10.6291,-11.0093,-10.6428,0.366575,0,0,MINE_TEST,1.25
3.73239,-8.44694,-10.2469,-10.5491,-10.9332,-10.6428,0.290488,0,0,MINE_TEST,1.25
3.75868,-8.474,-10.274,-10.6199,-10.9897,-10.6428,0.346973,0,0,MINE_TEST,1.25
3.78505,-8.75156,-10.5516,-10.8413,-11.1766,-10.6428,0.533811,0,0,MINE_TEST,1.25
3.81149,-9.14697,-10.947,-11.2064,-11.4808,-10.6428,0.83808,0,0,MINE_TEST,1.25
3.83769,-9.66177,-11.4618,-11.6996,-11.8818,-10.6428,1.23906,0,0,MINE_TEST,1.25
3.86376,-10.3021,-12.1021,-12.2937,-12.355,-10.6428,1.71229,0,0,MINE_TEST,1.25
3.88971,-11.0786,-12.8786,-12.9456,-12.8756,-10.6428,2.2328,0,0,MINE_TEST,1.25
3.91605,-12.019,-13.819,-13.6,-13.4188,-10.6428,2.77601,0,0,MINE_TEST,1.25
3.94225,-12.768,-14.568,-14.2038,-13.9602,-10.6428,3.31743,0,0,MINE_TEST,1.25
3.96831,-13,-14.8,-14.7218,-14.4756,-10.6437,3.83183,0,0,MINE_TEST,1.25
3.99424,-13.4463,-15.2463,-15.1388,-14.9417,-10.9332,4.00849,0,0,MINE_TEST,1.25
4.0202,-14.1419,-15.9419,-15.4548,-15.3374,-10.9897,4.34766,0,0,MINE_TEST,1.25
4.04644,-13.9661,-15.7661,-15.6833,-15.6439,-11.0093,4.63459,0,0,MINE_TEST,1.25
4.07252,-13.9063,-15.7063,-15.8472,-15.8468,-11.1236,4.7232,0,0,MINE_TEST,1.25
4.09867,-14.2036,-16.0036,-15.9595,-15.9378,-11.1473,4.79053,0,0,MINE_TEST,1.25
4.12452,-14.4417,-16.2417,-16.0065,-15.9165,-11.1597,4.75673,0,0,MINE_TEST,1.25
4.1506,-14.6506,-16.4506,-15.9549,-15.7892,-11.1766,4.61267,0,0,MINE_TEST,1.25
4.17667,-14.2259,-16.0259,-15.7791,-15.5669,-11.2081,4.35878,0,0,MINE_TEST,1.25
4.2028,-13.7865,-15.5865,-15.4766,-15.2617,-11.4808,3.78084,0,0,MINE_TEST,1.25
4.22872,-13.4465,-15.2465,-15.0609,-14.8863,-11.507,3.37938,0,0,MINE_TEST,1.25
4.25479,-13.0529,-14.8529,-14.5518,-14.4543,-11.6244,2.82988,0,0,MINE_TEST,1.25
4.28072,-12.2354,-14.0354,-13.9765,-13.9793,-11.6371,2.34224,0,0,MINE_TEST,1.25
4.30676,-11.4948,-13.2948,-13.375,-13.4741,-11.6467,1.82734,0,0,MINE_TEST,1.25
4.33288,-10.7267,-12.5267,-12.7895,-12.95,-11.8713,1.0788,0,0,MINE_TEST,1.25
4.35903,-10.3125,-12.1125,-12.2455,-12.4189,-11.8818,0.537133,0,0,MINE_TEST,1.25
4.38505,-10.0287,-11.8287,-11.7464,-11.8939,-11.8939,0,0,0,MINE_TEST,1.25
4.41128,-9.45739,-11.2574,-11.2875,-11.3885,-11.8939,0.505377,0,0,MINE_TEST,1.25
4.43729,-8.88866,-10.6887,-10.8715,-10.9148,-11.8939,0.979084,0,0,MINE_TEST,1.25
4.46324,-8.47464,-10.2746,-10.5065,-10.4822,-11.8939,1.41163,0,0,MINE_TEST,1.25
4.48952,-8.33745,-10.1375,-10.1906,-10.0989,-11.8939,1.79494,0,0,MINE_TEST,1.25
4.51562,-8.1577,-9.9577,-9.90742,-9.77271,-11.8939,2.12116,0,0,MINE_TEST,1.25
4.54206,-7.93949,-9.73949,-9.64157,-9.51178,-11.8939,2.38209,0,0,MINE_TEST,1.25
4.56819,-7.55449,-9.35449,-9.3988,-9.32511,-11.8939,2.56876,0,0,MINE_TEST,1.25
4.59447,-7.06528,-8.86528,-9.20893,-9.22345,-11.8939,2.67042,0,0,MINE_TEST,1.25
4.62059,-6.96541,-8.76541,-9.10851,-9.21953,-11.8939,2.67435,0,0,MINE_TEST,1.25
4.64653,-7.22466,-9.02466,-9.1228,-9.32602,-11.8939,2.56786,0,0,MINE_TEST,1.25
4.67291,-7.20951,-9.00951,-9.26484,-9.55169,-11.8939,2.34218,0,0,MINE_TEST,1.25
4.69909,-7.30723,-9.10723,-9.54388,-9.89801,-11.8939,1.99586,0,0,MINE_TEST,1.25
4.72784,-7.94654,-9.74654,-9.96726,-10.3577,-11.8939,1.5362,0,0,MINE_TEST,1.25
4.75401,-8.4153,-10.2153,-10.5337,-10.9146,-11.8939,0.979253,0,0,MINE_TEST,1.25
4.78015,-9.12361,-10.9236,-11.2279,-11.5446,-11.8939,0.349242,0,0,MINE_TEST,1.25
4.80631,-10.2719,-12.0719,-12.0198,-12.2169,-12.0102,0.206693,0,0,MINE_TEST,1.25
4.83256,-10.883,-12.683,-12.8661,-12.8963,-12.1175,0.778826,0,0,MINE_TEST,1.25
4.85867,-11.985,-13.785,-13.7095,-13.5464,-12.1175,1.42895,0,0,MINE_TEST,1.25
4.88486,-13.1411,-14.9411,-14.4796,-14.131,-12.1175,2.0135,0,0,MINE_TEST,1.25
4.91084,-13.7574,-15.5574,-15.1045,-14.6163,-12.1175,2.49878,0,0,MINE_TEST,1.25
4.93687,-14.1999,-15.9999,-15.5276,-14.975,-12.1175,2.85755,0,0,MINE_TEST,1.25
4.96308,-14.5234,-16.3234,-15.7215,-15.191,-12.1175,3.07348,0,0,MINE_TEST,1.25
4.98975,-14.3162,-16.1162,-15.6933,-15.2599,-12.1175,3.14241,0,0,MINE_TEST,1.25
5.01551,-13.8931,-15.6931,-15.4803,-15.1873,-12.1175,3.0698,0,0,MINE_TEST,1.25
5.04141,-13.4737,-15.2737,-15.1336,-14.9853,-12.1175,2.86776,0,0,MINE_TEST,1.25
5.06744,-12.8015,-14.6015,-14.6957,-14.6721,-12.1175,2.55457,0,0,MINE_TEST,1.25
5.09363,-12.6131,-14.4131,-14.189,-14.2727,-12.1175,2.15517,0,0,MINE_TEST,1.25
5.11934,-12.2594,-14.0594,-13.6332,-13.8172,-12.1175,1.69975,0,0,MINE_TEST,1.25
5.14548,-11.1041,-12.9041,-13.0731,-13.3377,-12.1175,1.22025,0,0,MINE_TEST,1.25
5.17173,-10.0014,-11.8014,-12.5739,-12.864,-12.1175,0.746558,0,0,MINE_TEST,1.25
5.19764,-10.0334,-11.8334,-12.1759,-12.4208,-12.1175,0.303316,0,0,MINE_TEST,1.25
5.2235,-10.2576,-12.0576,-11.8624,-12.025,-12.025,0,0,0,MINE_TEST,1.25
5.24939,-10.2311,-12.0311,-11.5872,-11.6856,-11.8939,0.208322,0,0,MINE_TEST,1.25
5.27557,-9.30916,-11.1092,-11.3301,-11.4046,-11.8818,0.477168,0,0,MINE_TEST,1.25
5.30152,-8.74248,-10.5425,-11.1095,-11.1803,-11.8713,0.690912,0,0,MINE_TEST,1.25
5.3275,-9.08235,-10.8824,-10.9471,-11.0075,-11.6856,0.678004,0,0,MINE_TEST,1.25
5.35338,-9.33857,-11.1386,-10.8391,-10.8781,-11.6856,0.807491,0,0,MINE_TEST,1.25
5.37929,-8.82292,-10.6229,-10.7678,-10.7808,-11.6856,0.904739,0,0,MINE_TEST,1.25
5.4055,-8.57491,-10.3749,-10.7188,-10.7032,-11.6856,0.982314,0,0,MINE_TEST,1.25
5.43189,-9.05787,-10.8579,-10.6798,-10.6339,-11.6856,1.05162,0,0,MINE_TEST,1.25
5.45808,-9.19302,-10.993,-10.6367,-10.5654,-11.6856,1.12014,0,0,MINE_TEST,1.25
5.48463,-8.54477,-10.3448,-10.5819,-10.4945,-11.6856,1.19104,0,0,MINE_TEST,1.25
5.51055,-8.50464,-10.3046,-10.5149,-10.4198,-11.6856,1.26573,0,0,MINE_TEST,1.25
5.53667,-8.94989,-10.7499,-10.4309,-10.3394,-11.6856,1.34613,0,0,MINE_TEST,1.25
5.56291,-8.79322,-10.5932,-10.3225,-10.2513,-11.6856,1.43428,0,0,MINE_TEST,1.25
5.58933,-8.18405,-9.98405,-10.1939,-10.1551,-11.6856,1.53049,0,0,MINE_TEST,1.25
5.61576,-8.06928,-9.86928,-10.0619,-10.0525,-11.6856,1.63309,0,0,MINE_TEST,1.25
5.64219,-8.20926,-10.0093,-9.93782,-9.94607,-11.6856,1.73949,0,0,MINE_TEST,1.25
5.66816,-8.22361,-10.0236,-9.8206,-9.83939,-11.6856,1.84616,0,0,MINE_TEST,1.25
5.69396,-7.77723,-9.57723,-9.71011,-9.73805,-11.6856,1.94751,0,0,MINE_TEST,1.25
5.72057,-7.64369,-9.44369,-9.61662,-9.64985,-11.6856,2.0357,0,0,MINE_TEST,1.25
5.74864,-7.75751,-9.55751,-9.55243,-9.58317,-11.6856,2.10238,0,0,MINE_TEST,1.25
5.77462,-7.57268,-9.37268,-9.51903,-9.54477,-11.6856,2.14078,0,0,MINE_TEST,1.25
5.80079,-7.76164,-9.56164,-9.50618,-9.53801,-11.6856,2.14754,0,0,MINE_TEST,1.25
5.8275,-7.81473,-9.61473,-9.5035,-9.56161,-11.6856,2.12394,0,0,MINE_TEST,1.25
5.85375,-7.58879,-9.38879,-9.51275,-9.61009,-11.6856,2.07547,0,0,MINE_TEST,1.25
5.88025,-7.66628,-9.46628,-9.5497,-9.6757,-11.6856,2.00985,0,0,MINE_TEST,1.25
5.90658,-7.63882,-9.43882,-9.63293,-9.75027,-11.6856,1.93529,0,0,MINE_TEST,1.25
5.93293,-7.77726,-9.57726,-9.76749,-9.82578,-11.6856,1.85978,0,0,MINE_TEST,1.25
5.95979,-8.22162,-10.0216,-9.93506,-9.895,-11.6856,1.79055,0,0,MINE_TEST,1.25
5.98589,-8.34962,-10.1496,-10.0977,-9.95292,-11.5446,1.59171,0,0,MINE_TEST,1.25
6.01195,-8.66945,-10.4695,-10.2141,-9.99778,-11.507,1.50917,0,0,MINE_TEST,1.25
6.03846,-8.79962,-10.5996,-10.26,-10.0308,-11.4808,1.45002,0,0,MINE_TEST,1.25
6.0644,-8.42797,-10.228,-10.2398,-10.0551,-11.4046,1.34958,0,0,MINE_TEST,1.25
6.09063,-8.21215,-10.0121,-10.1774,-10.0746,-11.3885,1.31389,0,0,MINE_TEST,1.25
6.11741,-8.42011,-10.2201,-10.0987,-10.0941,-11.2081,1.11399,0,0,MINE_TEST,1.25
6.14377,-8.30055,-10.1006,-10.024,-10.1183,-11.1803,1.06202,0,0,MINE_TEST,1.25
6.17032,-7.99584,-9.79584,-9.97543,-10.1514,-11.1766,1.02512,0,0,MINE_TEST,1.25
6.19662,-7.89362,-9.69362,-9.977,-10.1971,-11.0093,0.812221,0,0,MINE_TEST,1.25
6.22287,-8.06283,-9.86283,-10.0414,-10.258,-11.0075,0.749508,0,0,MINE_TEST,1.25
6.24906,-8.41977,-10.2198,-10.1614,-10.3353,-10.9897,0.654412,0,0,MINE_TEST,1.25
6.27506,-8.57676,-10.3768,-10.3192,-10.4273,-10.9332,0.505931,0,0,MINE_TEST,1.25
6.30112,-8.52812,-10.3281,-10.501,-10.5293,-10.9148,0.385473,0,0,MINE_TEST,1.25
6.32714,-8.79675,-10.5968,-10.6948,-10.6345,-10.9146,0.280126,0,0,MINE_TEST,1.25
6.35338,-9.23103,-11.031,-10.8783,-10.7357,-10.8781,0.142387,0,0,MINE_TEST,1.25
6.37955,-9.48717,-11.2872,-11.0193,-10.8265,-10.8265,0,0,0,MINE_TEST,1.25
6.40568,-9.48982,-11.2898,-11.0916,-10.9014,-10.8265,0.0748857,0,0,MINE_TEST,1.25
6.43193,-9.39393,-11.1939,-11.0902,-10.9546,-10.8265,0.128086,0,0,MINE_TEST,1.25
6.45799,-9.27328,-11.0733,-11.0308,-10.9803,-10.8265,0.153787,0,0,MINE_TEST,1.25
6.48447,-9.16274,-10.9627,-10.9383,-10.9732,-10.8265,0.146707,0,0,MINE_TEST,1.25
6.51091,-9.01427,-10.8143,-10.8372,-10.9292,-10.8265,0.102642,0,0,MINE_TEST,1.25
6.5379,-8.84598,-10.646,-10.7452,-10.8456,-10.8265,0.0190645,0,0,MINE_TEST,1.25
6.56425,-8.78745,-10.5875,-10.6683,-10.7231,-10.7808,0.0577217,0,0,MINE_TEST,1.25
6.59087,-8.85635,-10.6563,-10.5977,-10.5673,-10.7357,0.168353,0,0,MINE_TEST,1.25
6.61752,-8.8246,-10.6246,-10.5138,-10.3897,-10.7231,0.333416,0,0,MINE_TEST,1.25
6.64349,-8.70053,-10.5005,-10.3949,-10.2053,-10.7032,0.497933,0,0,MINE_TEST,1.25
6.66936,-8.54258,-10.3426,-10.2267,-10.0295,-10.6345,0.605004,0,0,MINE_TEST,1.25
6.69541,-8.37261,-10.1726,-10.0081,-9.87456,-10.6339,0.759374,0,0,MINE_TEST,1.25
6.72171,-7.99855,-9.79855,-9.75654,-9.74839,-10.5673,0.818932,0,0,MINE_TEST,1.25
6.74798,-7.59419,-9.39419,-9.50887,-9.65424,-10.5654,0.911172,0,0,MINE_TEST,1.25
6.77661,-7.23827,-9.03827,-9.31409,-9.59148,-10.5293,0.937833,0,0,MINE_TEST,1.25
6.80304,-7.09531,-8.89531,-9.21663,-9.55719,-10.4945,0.93732,0,0,MINE_TEST,1.25
6.82926,-7.12983,-8.92983,-9.23896,-9.54825,-10.4822,0.933997,0,0,MINE_TEST,1.25
6.85542,-7.36903,-9.16903,-9.37252,-9.56287,-10.4273,0.864437,0,0,MINE_TEST,1.25
6.88148,-7.77788,-9.57788,-9.58119,-9.60071,-10.4198,0.819109,0,0,MINE_TEST,1.25
6.90755,-8.10676,-9.90676,-9.81462,-9.66191,-10.3897,0.727765,0,0,MINE_TEST,1.25
6.93355,-8.35815,-10.1582,-10.0242,-9.7459,-10.3577,0.611778,0,0,MINE_TEST,1.25
6.95951,-8.59785,-10.3979,-10.1759,-9.8507,-10.3394,0.488716,0,0,MINE_TEST,1.25
6.98577,-8.66208,-10.4621,-10.2588,-9.97328,-10.3353,0.362031,0,0,MINE_TEST,1.25
7.01168,-8.53482,-10.3348,-10.2883,-10.1114,-10.258,0.146679,0,0,MINE_TEST,1.25
7.03761,-8.3917,-10.1917,-10.301,-10.2663,-10.258,0.00824387,0,0,MINE_TEST,1.25
7.06355,-8.35582,-10.1558,-10.3402,-10.4453,-10.258,0.187303,0,0,MINE_TEST,1.25
7.0897,-8.45157,-10.2516,-10.4408,-10.6611,-10.258,0.403093,0,0,MINE_TEST,1.25
7.11598,-8.64301,-10.443,-10.6209,-10.9267,-10.2663,0.660413,0,0,MINE_TEST,1.25
7.14224,-8.92027,-10.7203,-10.8836,-11.2478,-10.3353,0.912461,0,0,MINE_TEST,1.25
7.16825,-9.30425,-11.1043,-11.2235,-11.6161,-10.3394,1.27664,0,0,MINE_TEST,1.25
7.19429,-9.72113,-11.5211,-11.6328,-12.0076,-10.3577,1.64994,0,0,MINE_TEST,1.25
7.2201,-10.176,-11.976,-12.1037,-12.388,-10.3897,1.99835,0,0,MINE_TEST,1.25
7.24609,-10.7135,-12.5135,-12.6238,-12.722,-10.4198,2.30218,0,0,MINE_TEST,1.25
7.27228,-11.3183,-13.1183,-13.1636,-12.983,-10.4273,2.55572,0,0,MINE_TEST,1.25
7.29845,-12.027,-13.827,-13.6633,-13.1591,-10.4453,2.71371,0,0,MINE_TEST,1.25
7.32441,-12.7315,-14.5315,-14.0297,-13.2519,-10.4945,2.7574,0,0,MINE_TEST,1.25
7.35071,-13.2191,-15.0191,-14.1575,-13.2713,-10.5293,2.74202,0,0,MINE_TEST,1.25
7.37711,-13.1516,-14.9516,-13.9751,-13.2274,-10.5293,2.69811,0,0,MINE_TEST,1.25
7.40359,-12.3539,-14.1539,-13.4942,-13.1259,-10.5293,2.59662,0,0,MINE_TEST,1.25
7.42967,-10.9838,-12.7838,-12.8288,-12.9687,-10.5293,2.43938,0,0,MINE_TEST,1.25
7.4558,-9.70879,-11.5088,-12.1613,-12.7574,-10.5293,2.2281,0,0,MINE_TEST,1.25
7.48174,-8.99796,-10.798,-11.6672,-12.4975,-10.5293,1.96818,0,0,MINE_TEST,1.25
7.50803,-8.82681,-10.6268,-11.4401,-12.1997,-10.5293,1.67034,0,0,MINE_TEST,1.25
7.53397,-9.26206,-11.0621,-11.456,-11.8802,-10.5293,1.35085,0,0,MINE_TEST,1.25
7.56001,-10.0623,-11.8623,-11.5921,-11.5606,-10.5293,1.03127,0,0,MINE_TEST,1.25
7.58634,-10.5533,-12.3533,-11.6937,-11.2664,-10.5293,0.737085,0,0,MINE_TEST,1.25
7.61273,-10.4659,-12.2659,-11.6524,-11.0236,-10.5293,0.49424,0,0,MINE_TEST,1.25
7.63895,-9.88248,-11.6825,-11.4518,-10.8533,-10.5293,0.323995,0,0,MINE_TEST,1.25
7.6652,-9.16866,-10.9687,-11.156,-10.7681,-10.5293,0.238753,0,0,MINE_TEST,1.25
7.69146,-8.76573,-10.5657,-10.8586,-10.7708,-10.5293,0.241518,0,0,MINE_TEST,1.25
7.71739,-8.49851,-10.2985,-10.635,-10.8589,-10.5293,0.329574,0,0,MINE_TEST,1.25
7.74301,-8.79518,-10.5952,-10.533,-11.0295,-10.5293,0.500156,0,0,MINE_TEST,1.25
7.76923,-8.18805,-9.98805,-10.5915,-11.2835,-10.5293,0.754217,0,0,MINE_TEST,1.25
7.80022,-8.44714,-10.2471,-10.8518,-11.6247,-10.5293,1.09541,0,0,MINE_TEST,1.25
7.82673,-9.00877,-10.8088,-11.3412,-12.0536,-10.5293,1.52425,0,0,MINE_TEST,1.25
7.85285,-9.83878,-11.6388,-12.0483,-12.56,-10.5293,2.03068,0,0,MINE_TEST,1.25
7.8789,-10.8793,-12.6793,-12.9118,-13.1191,-10.5293,2.58975,0,0,MINE_TEST,1.25
7.90514,-12.2586,-14.0586,-13.8303,-13.6929,-10.5293,3.16358,0,0,MINE_TEST,1.25
7.93093,-13.3301,-15.1301,-14.6879,-14.2379,-10.5293,3.70854,0,0,MINE_TEST,1.25
7.95658,-14.1447,-15.9447,-15.3829,-14.7131,-10.5293,4.18378,0,0,MINE_TEST,1.25
7.98263,-14.6486,-16.4486,-15.8498,-15.0861,-10.5293,4.55682,0,0,MINE_TEST,1.25
8.00856,-14.7754,-16.5754,-16.0641,-15.3349,-10.5293,4.80554,0,0,MINE_TEST,1.25
8.03459,-14.5916,-16.3916,-16.0346,-15.4477,-10.5293,4.91841,0,0,MINE_TEST,1.25
8.06108,-14.5512,-16.3512,-15.794,-15.4244,-10.5293,4.89512,0,0,MINE_TEST,1.25
8.08747,-13.669,-15.469,-15.3945,-15.2764,-10.5293,4.74708,0,0,MINE_TEST,1.25
8.11374,-13.1366,-14.9366,-14.9031,-15.0255,-10.5673,4.45822,0,0,MINE_TEST,1.25
8.13994,-12.4715,-14.2715,-14.3905,-14.7009,-10.6345,4.06637,0,0,MINE_TEST,1.25
8.16633,-11.8601,-13.6601,-13.9149,-14.3337,-10.6611,3.67252,0,0,MINE_TEST,1.25
8.1927,-11.5069,-13.3069,-13.5127,-13.9525,-10.7231,3.22941,0,0,MINE_TEST,1.25
8.21882,-11.2674,-13.0674,-13.1974,-13.5798,-10.7357,2.84409,0,0,MINE_TEST,1.25
8.24507,-11.0002,-12.8002,-12.9656,-13.23,-10.7681,2.46195,0,0,MINE_TEST,1.25
8.27133,-10.8317,-12.6317,-12.8005,-12.9107,-10.7708,2.13986,0,0,MINE_TEST,1.25
8.29756,-10.8373,-12.6373,-12.6725,-12.6235,-10.8265,1.79692,0,0,MINE_TEST,1.25
8.32376,-11.0019,-12.8019,-12.543,-12.3655,-10.8456,1.51987,0,0,MINE_TEST,1.25
8.34994,-10.7012,-12.5012,-12.3773,-12.1306,-10.8533,1.27724,0,0,MINE_TEST,1.25
8.37578,-10.4262,-12.2262,-12.158,-11.9111,-10.8589,1.05222,0,0,MINE_TEST,1.25
8.40193,-10.2663,-12.0663,-11.8891,-11.7008,-10.9014,0.799418,0,0,MINE_TEST,1.25
8.42821,-9.75045,-11.5505,-11.5916,-11.4973,-10.9267,0.570633,0,0,MINE_TEST,1.25
8.45426,-9.37553,-11.1755,-11.2961,-11.303,-10.9292,0.373873,0,0,MINE_TEST,1.25
8.48057,-9.14484,-10.9448,-11.0333,-11.1245,-10.9546,0.169877,0,0,MINE_TEST,1.25
8.50652,-8.80774,-10.6077,-10.8259,-10.9704,-10.9704,0,0,0,MINE_TEST,1.25
8.53247,-8.73757,-10.5376,-10.6834,-10.8503,-10.9704,0.12016,0,0,MINE_TEST,1.25
8.55878,-8.75657,-10.5566,-10.6049,-10.7729,-10.9704,0.197572,0,0,MINE_TEST,1.25
8.58498,-8.69127,-10.4913,-10.5861,-10.7449,-10.9704,0.225549,0,0,MINE_TEST,1.25
8.61132,-8.66239,-10.4624,-10.626,-10.7686,-10.9704,0.201861,0,0,MINE_TEST,1.25
8.63729,-8.77441,-10.5744,-10.7247,-10.8399,-10.9704,0.130571,0,0,MINE_TEST,1.25
8.66302,-8.98948,-10.7895,-10.876,-10.9484,-10.9704,0.0220702,0,0,MINE_TEST,1.25
8.68886,-9.22272,-11.0227,-11.0626,-11.0793,-10.9732,0.106083,0,0,MINE_TEST,1.25
8.71493,-9.53551,-11.3355,-11.2596,-11.2167,-10.9803,0.23635,0,0,MINE_TEST,1.25
8.74092,-9.76692,-11.5669,-11.4428,-11.3458,-11.0236,0.322277,0,0,MINE_TEST,1.25
8.76654,-9.85184,-11.6518,-11.5962,-11.4554,-11.0295,0.425944,0,0,MINE_TEST,1.25
8.7925,-9.93348,-11.7335,-11.7102,-11.5375,-11.0793,0.458226,0,0,MINE_TEST,1.25
8.8246,-10.109,-11.909,-11.7747,-11.5874,-11.1245,0.462952,0,0,MINE_TEST,1.25
8.85075,-10.2068,-12.0068,-11.7776,-11.6029,-11.2167,0.386194,0,0,MINE_TEST,1.25
8.87683,-10.0932,-11.8932,-11.7138,-11.5837,-11.2478,0.335953,0,0,MINE_TEST,1.25
8.90305,-9.85015,-11.6501,-11.594,-11.532,-11.2664,0.26559,0,0,MINE_TEST,1.25
8.92878,-9.58611,-11.3861,-11.4442,-11.4518,-11.2835,0.168228,0,0,MINE_TEST,1.25
8.95488,-9.41588,-11.2159,-11.2932,-11.3498,-11.303,0.0467149,0,0,MINE_TEST,1.25
8.98079,-9.28815,-11.0881,-11.1607,-11.2356,-11.303,0.0674286,0,0,MINE_TEST,1.25
9.00682,-9.21327,-11.0133,-11.0531,-11.1213,-11.303,0.181719,0,0,MINE_TEST,1.25
9.0328,-9.15646,-10.9565,-10.9689,-11.0199,-11.303,0.283116,0,0,MINE_TEST,1.25
9.05894,-9.08236,-10.8824,-10.9055,-10.9438,-11.303,0.359215,0,0,MINE_TEST,1.25
9.08461,-8.97329,-10.7733,-10.8616,-10.9029,-11.303,0.400114,0,0,MINE_TEST,1.25
9.11076,-8.93922,-10.7392,-10.8362,-10.9026,-11.303,0.400429,0,0,MINE_TEST,1.25
9.1367,-9.24079,-11.0408,-10.8313,-10.9422,-11.303,0.3608,0,0,MINE_TEST,1.25
9.1627,-8.81765,-10.6177,-10.8573,-11.0151,-11.303,0.287961,0,0,MINE_TEST,1.25
9.1887,-8.91312,-10.7131,-10.9315,-11.11,-11.303,0.193069,0,0,MINE_TEST,1.25
9.21445,-9.12032,-10.9203,-11.0645,-11.2139,-11.303,0.0891112,0,0,MINE_TEST,1.25
9.24058,-9.4067,-11.2067,-11.2459,-11.3144,-11.3144,0,0,0,MINE_TEST,1.25
9.26666,-9.70208,-11.5021,-11.4446,-11.4005,-11.3458,0.0546836,0,0,MINE_TEST,1.25
9.29263,-9.96994,-11.7699,-11.6199,-11.4633,-11.3498,0.113515,0,0,MINE_TEST,1.25
9.31864,-10.1545,-11.9545,-11.7351,-11.4959,-11.4005,0.0953612,0,0,MINE_TEST,1.25
9.34463,-10.2021,-12.0021,-11.7664,-11.4939,-11.4518,0.042168,0,0,MINE_TEST,1.25
9.37057,-10.0879,-11.8879,-11.7072,-11.4556,-11.4554,0.000142711,0,0,MINE_TEST,1.25
9.39649,-9.86445,-11.6645,-11.5675,-11.381,-11.4554,0.0744001,0,0,MINE_TEST,1.25
9.42249,-9.69464,-11.4946,-11.3687,-11.2723,-11.4554,0.183066,0,0,MINE_TEST,1.25
9.44879,-9.29093,-11.0909,-11.1381,-11.1339,-11.4554,0.321515,0,0,MINE_TEST,1.25
9.47454,-9.01672,-10.8167,-10.9028,-10.9733,-11.4554,0.482117,0,0,MINE_TEST,1.25
9.50043,-8.87465,-10.6746,-10.6852,-10.8018,-11.4554,0.653631,0,0,MINE_TEST,1.25
9.52653,-8.57612,-10.3761,-10.5018,-10.6333,-11.4554,0.82214,0,0,MINE_TEST,1.25
9.55264,-8.42702,-10.227,-10.3634,-10.4828,-11.4554,0.972639,0,0,MINE_TEST,1.25
9.57871,-8.36866,-10.1687,-10.274,-10.3648,-11.4554,1.09059,0,0,MINE_TEST,1.25
9.60462,-8.3638,-10.1638,-10.2307,-10.2921,-11.4554,1.16333,0,0,MINE_TEST,1.25
9.63081,-8.38723,-10.1872,-10.2264,-10.2739,-11.4554,1.18148,0,0,MINE_TEST,1.25
9.65686,-8.40684,-10.2068,-10.2551,-10.3149,-11.4554,1.14051,0,0,MINE_TEST,1.25
9.68323,-8.4414,-10.2414,-10.3162,-10.4133,-11.4554,1.04213,0,0,MINE_TEST,1.25
9.70928,-8.52189,-10.3219,-10.414,-10.5604,-11.4554,0.894976,0,0,MINE_TEST,1.25
9.73566,-8.65662,-10.4566,-10.5553,-10.7414,-11.4554,0.713977,0,0,MINE_TEST,1.25
9.76172,-8.82585,-10.6259,-10.7446,-10.937,-11.4554,0.51841,0,0,MINE_TEST,1.25
9.78816,-9.06567,-10.8657,-10.9796,-11.1262,-11.4518,0.325527,0,0,MINE_TEST,1.25
9.81453,-9.39379,-11.1938,-11.2455,-11.2893,-11.4005,0.111187,0,0,MINE_TEST,1.25
9.8412,-9.78624,-11.5862,-11.5106,-11.4098,-11.4005,0.00923399,0,0,MINE_TEST,1.25
9.86916,-10.1414,-11.9414,-11.7287,-11.4753,-11.4005,0.0747952,0,0,MINE_TEST,1.25
9.89547,-10.3873,-12.1873,-11.8488,-11.4782,-11.4005,0.0776668,0,0,MINE_TEST,1.25
9.92193,-10.4565,-12.2565,-11.8299,-11.4143,-11.4005,0.0137527,0,0,MINE_TEST,1.25
9.94789,-10.2104,-12.0104,-11.6565,-11.2826,-11.381,0.0984127,0,0,MINE_TEST,1.25
9.97403,-9.75377,-11.5538,-11.3446,-11.0852,-11.3498,0.264595,0,0,MINE_TEST,1.25
10.0003,-9.19209,-10.9921,-10.9365,-10.8272,-11.3458,0.518634,0,0,MINE_TEST,1.25
10.026,-8.62837,-10.4284,-10.4852,-10.5178,-11.3144,0.796597,0,0,MINE_TEST,1.25
10.0521,-8.11735,-9.91735,-10.0393,-10.1707,-11.303,1.13238,0,0,MINE_TEST,1.25
10.078,-7.68424,-9.48424,-9.63306,-9.80403,-11.2893,1.4853,0,0,MINE_TEST,1.25
10.104,-7.34258,-9.14258,-9.28397,-9.44025,-11.2835,1.84328,0,0,MINE_TEST,1.25
10.1303,-7.08386,-8.88386,-8.99588,-9.104,-11.2826,2.1786,0,0,MINE_TEST,1.25
10.1567,-6.87674,-8.67674,-8.76523,-8.82004,-11.2723,2.45231,0,0,MINE_TEST,1.25
10.1829,-6.70591,-8.50591,-8.58819,-8.61096,-11.2664,2.65544,0,0,MINE_TEST,1.25
10.2088,-6.55551,-8.35551,-8.46622,-8.49544,-11.2356,2.74018,0,0,MINE_TEST,1.25
10.2347,-6.45514,-8.25514,-8.40837,-8.48666,-11.2356,2.74896,0,0,MINE_TEST,1.25
10.2607,-6.42682,-8.22682,-8.4297,-8.59065,-11.2356,2.64497,0,0,MINE_TEST,1.25
10.2865,-6.51039,-8.31039,-8.54711,-8.80428,-11.2356,2.43134,0,0,MINE_TEST,1.25
10.3127,-6.71911,-8.51911,-8.7746,-9.11412,-11.2356,2.1215,0,0,MINE_TEST,1.25
10.3385,-7.06582,-8.86582,-9.1195,-9.49756,-11.2356,1.73806,0,0,MINE_TEST,1.25
10.3648,-7.55059,-9.35059,-9.57969,-9.92637,-11.2356,1.30924,0,0,MINE_TEST,1.25
10.3912,-8.15194,-9.95194,-10.1405,-10.3711,-11.2167,0.845608,0,0,MINE_TEST,1.25
10.4172,-8.86979,-10.6698,-10.7698,-10.8039,-11.2139,0.410037,0,0,MINE_TEST,1.25
10.443,-9.67047,-11.4705,-11.4127,-11.2003,-11.2003,0,0,0,MINE_TEST,1.25
10.4693,-10.5001,-12.3001,-11.9918,-11.5397,-11.2003,0.339414,0,0,MINE_TEST,1.25
10.4954,-11.1991,-12.9991,-12.4199,-11.8065,-11.2003,0.606122,0,0,MINE_TEST,1.25
10.5214,-11.5499,-13.3499,-12.6284,-11.9907,-11.2003,0.790316,0,0,MINE_TEST,1.25
10.5478,-11.3656,-13.1656,-12.5991,-12.0884,-11.2003,0.888097,0,0,MINE_TEST,1.25
10.574,-10.7384,-12.5384,-12.3745,-12.1007,-11.2003,0.90038,0,0,MINE_TEST,1.25
10.6002,-10.1144,-11.9144,-12.0375,-12.0318,-11.2003,0.831421,0,0,MINE_TEST,1.25
10.6265,-9.71507,-11.5151,-11.6719,-11.8883,-11.2003,0.687955,0,0,MINE_TEST,1.25
10.653,-9.45647,-11.2565,-11.3332,-11.6797,-11.2003,0.479416,0,0,MINE_TEST,1.25
10.6792,-9.16402,-10.964,-11.0466,-11.4191,-11.2003,0.218734,0,0,MINE_TEST,1.25
10.7055,-8.83569,-10.6357,-10.8192,-11.1231,-11.1339,0.0108191,0,0,MINE_TEST,1.25
10.7323,-8.68987,-10.4899,-10.6458,-10.8116,-11.1262,0.314666,0,0,MINE_TEST,1.25
10.7585,-8.70474,-10.5047,-10.5063,-10.5043,-11.1245,0.620171,0,0,MINE_TEST,1.25
10.7848,-8.68536,-10.4854,-10.3659,-10.2168,-11.1231,0.906259,0,0,MINE_TEST,1.25
10.8109,-8.59785,-10.3979,-10.1869,-9.95669,-11.1213,1.16464,0,0,MINE_TEST,1.25
10.8374,-8.37619,-10.1762,-9.94705,-9.72353,-11.11,1.38645,0,0,MINE_TEST,1.25
10.8638,-7.90882,-9.70882,-9.65166,-9.51244,-11.0852,1.57273,0,0,MINE_TEST,1.25
10.8928,-7.44155,-9.24155,-9.33228,-9.31856,-11.0793,1.76077,0,0,MINE_TEST,1.25
10.9189,-7.10562,-8.90562,-9.03346,-9.14017,-11.0199,1.87976,0,0,MINE_TEST,1.25
10.945,-6.7743,-8.5743,-8.7967,-8.97947,-11.0151,2.03562,0,0,MINE_TEST,1.25
10.9714,-6.55133,-8.35133,-8.64686,-8.84211,-10.9733,2.13119,0,0,MINE_TEST,1.25
10.9978,-6.57577,-8.37577,-8.58384,-8.73626,-10.9704,2.23418,0,0,MINE_TEST,1.25
11.0243,-6.85858,-8.65858,-8.58515,-8.67085,-10.9484,2.27751,0,0,MINE_TEST,1.25
11.0506,-6.87857,-8.67857,-8.62144,-8.65292,-10.9438,2.29091,0,0,MINE_TEST,1.25
11.0761,-6.79694,-8.59694,-8.67439,-8.68469,-10.9422,2.25756,0,0,MINE_TEST,1.25
11.1024,-6.88075,-8.68075,-8.74198,-8.76178,-10.937,2.17523,0,0,MINE_TEST,1.25
11.1284,-7.00629,-8.80629,-8.83154,-8.87371,-10.9029,2.02923,0,0,MINE_TEST,1.25
11.1544,-7.05954,-8.85954,-8.95069,-9.00636,-10.9029,1.89657,0,0,MINE_TEST,1.25
11.1804,-7.18346,-8.98346,-9.10113,-9.14533,-10.9029,1.7576,0,0,MINE_TEST,1.25
11.2065,-7.4519,-9.2519,-9.27403,-9.2785,-10.9029,1.62443,0,0,MINE_TEST,1.25
11.2326,-7.71226,-9.51226,-9.44845,-9.39721,-10.9029,1.50572,0,0,MINE_TEST,1.25
11.2587,-7.95397,-9.75397,-9.59693,-9.49601,-10.9029,1.40693,0,0,MINE_TEST,1.25
11.2848,-8.0583,-9.8583,-9.69563,-9.57103,-10.9026,1.33159,0,0,MINE_TEST,1.25
11.311,-8.05793,-9.85793,-9.73302,-9.61763,-10.8272,1.20957,0,0,MINE_TEST,1.25
11.3371,-8.03279,-9.83279,-9.71191,-9.62922,-10.8116,1.18235,0,0,MINE_TEST,1.25
11.3632,-7.88998,-9.68998,-9.64564,-9.59881,-10.8039,1.20509,0,0,MINE_TEST,1.25
11.3891,-7.73691,-9.53691,-9.54978,-9.52213,-10.8018,1.27965,0,0,MINE_TEST,1.25
11.4154,-7.60406,-9.40406,-9.43383,-9.40002,-10.7414,1.34142,0,0,MINE_TEST,1.25
11.4415,-7.63198,-9.43198,-9.29706,-9.23868,-10.6333,1.3946,0,0,MINE_TEST,1.25
11.4679,-7.42934,-9.22934,-9.13224,-9.04839,-10.5604,1.51205,0,0,MINE_TEST,1.25
11.494,-7.17644,-8.97644,-8.9321,-8.84152,-10.5178,1.6763,0,0,MINE_TEST,1.25
11.5208,-6.86581,-8.66581,-8.6935,-8.63026,-10.5043,1.87406,0,0,MINE_TEST,1.25
11.5471,-7.01971,-8.81971,-8.42289,-8.4249,-10.4828,2.05788,0,0,MINE_TEST,1.25
11.5733,-6.11679,-7.91679,-8.14376,-8.23287,-10.4133,2.18042,0,0,MINE_TEST,1.25
11.6,-5.83748,-7.63748,-7.89423,-8.05875,-10.3711,2.31231,0,0,MINE_TEST,1.25
11.6259,-5.69951,-7.49951,-7.70834,-7.90514,-10.3648,2.45968,0,0,MINE_TEST,1.25
11.6517,-5.67638,-7.47638,-7.59699,-7.77384,-10.3149,2.54107,0,0,MINE_TEST,1.25
11.678,-5.68804,-7.48804,-7.5465,-7.66657,-10.2921,2.62552,0,0,MINE_TEST,1.25
11.704,-5.74646,-7.54646,-7.53197,-7.58465,-10.2739,2.68928,0,0,MINE_TEST,1.25
11.7303,-5.75467,-7.55467,-7.53091,-7.52752,-10.2168,2.68931,0,0,MINE_TEST,1.25
11.7563,-5.72313,-7.52313,-7.52874,-7.49104,-10.1707,2.67962,0,0,MINE_TEST,1.25
11.7827,-5.75858,-7.55858,-7.51772,-7.46705,-9.95669,2.48964,0,0,MINE_TEST,1.25
11.8088,-5.74147,-7.54147,-7.49395,-7.44426,-9.92637,2.48212,0,0,MINE_TEST,1.25
11.8347,-5.67789,-7.47789,-7.45661,-7.41056,-9.80403,2.39348,0,0,MINE_TEST,1.25
11.8603,-5.61657,-7.41657,-7.40682,-7.35596,-9.72353,2.36757,0,0,MINE_TEST,1.25
11.8868,-5.55303,-7.35303,-7.34459,-7.27514,-9.62922,2.35408,0,0,MINE_TEST,1.25
11.9155,-5.50134,-7.30134,-7.26472,-7.16817,-9.61763,2.44946,0,0,MINE_TEST,1.25
11.9418,-5.44417,-7.24417,-7.15556,-7.03933,-9.59881,2.55947,0,0,MINE_TEST,1.25
11.9677,-5.37517,-7.17517,-7.00443,-6.895,-9.57103,2.67603,0,0,MINE_TEST,1.25
11.9937,-5.15127,-6.95127,-6.80821,-6.74175,-9.52213,2.78038,0,0,MINE_TEST,1.25
12.0196,-4.78233,-6.58233,-6.58135,-6.58523,-9.51244,2.92721,0,0,MINE_TEST,1.25
12.0458,-4.41425,-6.21425,-6.35253,-6.42954,-9.49756,3.06802,0,0,MINE_TEST,1.25
12.072,-4.19932,-5.99932,-6.15084,-6.27742,-9.49601,3.21859,0,0,MINE_TEST,1.25
12.098,-4.11748,-5.91748,-5.99247,-6.13077,-9.44025,3.30949,0,0,MINE_TEST,1.25
12.1242,-4.00251,-5.80251,-5.87771,-5.99148,-9.40002,3.40854,0,0,MINE_TEST,1.25
12.1502,-3.96125,-5.76125,-5.79682,-5.86187,-9.39721,3.53534,0,0,MINE_TEST,1.25
12.1762,-3.93124,-5.73124,-5.73691,-5.74445,-9.31856,3.5741,0,0,MINE_TEST,1.25
12.2021,-3.86848,-5.66848,-5.68512,-5.6411,-9.2785,3.63741,0,0,MINE_TEST,1.25
12.2284,-3.86858,-5.66858,-5.62934,-5.55208,-9.23868,3.6866,0,0,MINE_TEST,1.25
12.2547,-3.85628,-5.65628,-5.56051,-5.47577,-9.14533,3.66956,0,0,MINE_TEST,1.25
12.2805,-3.70929,-5.50929,-5.47685,-5.40924,-9.14017,3.73093,0,0,MINE_TEST,1.25
12.3065,-3.54449,-5.34449,-5.3858,-5.34949,-9.11412,3.76462,0,0,MINE_TEST,1.25
12.3326,-3.44684,-5.24684,-5.29984,-5.29481,-9.104,3.80919,0,0,MINE_TEST,1.25
12.3586,-3.37305,-5.17305,-5.22923,-5.24536,-9.04839,3.80303,0,0,MINE_TEST,1.25
12.3846,-3.33546,-5.13546,-5.17743,-5.20297,-9.00636,3.80339,0,0,MINE_TEST,1.25
12.4101,-3.34034,-5.14034,-5.14268,-5.17028,-8.97947,3.80919,0,0,MINE_TEST,1.25
12.436,-3.32418,-5.12418,-5.12335,-5.14996,-8.87371,3.72375,0,0,MINE_TEST,1.25
12.4621,-3.25722,-5.05722,-5.12201,-5.14442,-8.84211,3.69769,0,0,MINE_TEST,1.25
12.488,-3.24273,-5.04273,-5.14379,-5.15602,-8.84152,3.6855,0,0,MINE_TEST,1.25
12.5139,-3.32796,-5.12796,-5.19092,-5.18707,-8.82004,3.63297,0,0,MINE_TEST,1.25
12.5399,-3.48364,-5.28364,-5.26007,-5.23915,-8.80428,3.56513,0,0,MINE_TEST,1.25
12.5659,-3.52707,-5.32707,-5.34559,-5.31203,-8.76178,3.44975,0,0,MINE_TEST,1.25
12.5917,-3.59985,-5.39985,-5.44443,-5.40285,-8.73626,3.3334,0,0,MINE_TEST,1.25
12.6178,-3.71857,-5.51857,-5.55725,-5.50664,-8.68469,3.17805,0,0,MINE_TEST,1.25
12.6441,-3.86542,-5.66542,-5.68743,-5.61828,-8.67085,3.05257,0,0,MINE_TEST,1.25
12.6705,-4.01024,-5.81024,-5.84123,-5.73661,-8.65292,2.91631,0,0,MINE_TEST,1.25
12.6965,-4.10629,-5.90629,-6.02819,-5.87023,-8.63026,2.76003,0,0,MINE_TEST,1.25
12.7229,-4.31057,-6.11057,-6.25741,-6.04322,-8.61096,2.56775,0,0,MINE_TEST,1.25
12.7496,-4.62897,-6.42897,-6.53105,-6.2961,-8.59065,2.29454,0,0,MINE_TEST,1.25
12.7758,-5.0404,-6.8404,-6.84371,-6.67742,-8.49544,1.81801,0,0,MINE_TEST,1.25
12.8022,-5.39799,-7.19799,-7.19361,-7.22674,-8.48666,1.25992,0,0,MINE_TEST,1.25
12.8287,-5.68214,-7.48214,-7.60112,-7.95869,-8.4249,0.466215,0,0,MINE_TEST,1.25
12.8547,-5.97453,-7.77453,-8.12203,-8.85883,-8.4249,0.433927,0,0,MINE_TEST,1.25
12.881,-6.39195,-8.19195,-8.84449,-9.89301,-8.4249,1.46811,0,0,MINE_TEST,1.25
12.9073,-7.18326,-8.98326,-9.86647,-11.0215,-8.4249,2.5966,0,0,MINE_TEST,1.25
12.9383,-8.45088,-10.2509,-11.2527,-12.2075,-8.4249,3.78258,0,0,MINE_TEST,1.25
12.9643,-10.28,-12.08,-12.9766,-13.4164,-8.4249,4.99154,0,0,MINE_TEST,1.25
12.9904,-12.9065,-14.7065,-14.874,-14.611,-8.4249,6.18606,0,0,MINE_TEST,1.25
13.0164,-16.1066,-17.9066,-16.6582,-15.7471,-8.4249,7.3222,0,0,MINE_TEST,1.25
13.0428,-18.6911,-20.4911,-18.0316,-16.7752,-8.4249,8.3503,1,0,MINE_TEST,1.25
13.0688,-18.4663,-20.2663,-18.8413,-17.6437,-8.4249,9.21879,1,0,MINE_TEST,1.25
13.0951,-17.576,-19.376,-19.1523,-18.3039,-8.4249,9.87905,1,0,MINE_TEST,1.25
13.1213,-16.9297,-18.7297,-19.1693,-18.7166,-8.4249,10.2917,1,0,MINE_TEST,1.25
13.1474,-16.9504,-18.7504,-19.0733,-18.8601,-8.4249,10.4352,1,0,MINE_TEST,1.25
13.1736,-17.4301,-19.2301,-18.9152,-18.7395,-8.4249,10.3146,1,0,MINE_TEST,1.25
13.1993,-17.6836,-19.4836,-18.6348,-18.3935,-8.4249,9.96864,1,1,MINE_TEST,1.25
13.2253,-17.0741,-18.8741,-18.1605,-17.8937,-8.4249,9.46884,1,0,MINE_TEST,1.25
13.2513,-15.908,-17.708,-17.492,-17.334,-8.4249,8.90908,1,0,MINE_TEST,1.25
13.2774,-14.7098,-16.5098,-16.7117,-16.81,-8.4249,8.38512,1,0,MINE_TEST,1.25
13.3035,-13.8689,-15.6689,-15.9414,-16.3949,-8.4249,7.97,0,0,MINE_TEST,1.25
13.3297,-13.1031,-14.9031,-15.3018,-16.1222,-8.4249,7.69725,0,0,MINE_TEST,1.25
13.3552,-12.4089,-14.2089,-14.8963,-15.9871,-8.4249,7.56217,0,0,MINE_TEST,1.25
13.3816,-12.0422,-13.8422,-14.8033,-15.9646,-8.4249,7.53966,0,0,MINE_TEST,1.25
13.4074,-12.3856,-14.1856,-15.0528,-16.0294,-8.4249,7.60453,0,0,MINE_TEST,1.25
13.4338,-13.3461,-15.1461,-15.6017,-16.1648,-8.4249,7.73992,0,0,MINE_TEST,1.25
13.4601,-14.5125,-16.3125,-16.3283,-16.3563,-8.4249,7.9314,0,0,MINE_TEST,1.25
13.4863,-15.6804,-17.4804,-17.0592,-16.5806,-8.4249,8.15567,1,0,MINE_TEST,1.25
13.513,-16.6576,-18.4576,-17.6161,-16.7997,-8.4249,8.37478,1,0,MINE_TEST,1.25
13.5392,-17.1381,-18.9381,-17.8691,-16.9638,-8.4249,8.53894,1,0,MINE_TEST,1.25
13.5656,-16.7725,-18.5725,-17.7778,-17.0194,-8.4249,8.59447,1,0,MINE_TEST,1.25
13.5918,-15.8984,-17.6984,-17.3979,-16.9172,-8.4249,8.49232,1,0,MINE_TEST,1.25
13.6173,-14.8336,-16.6336,-16.8394,-16.6206,-8.4249,8.19574,1,1,MINE_TEST,1.25
13.6437,-14.2342,-16.0342,-16.1963,-16.1128,-8.4249,7.68786,0,0,MINE_TEST,1.25
13.6697,-13.931,-15.731,-15.498,-15.4024,-8.4249,6.97751,0,0,MINE_TEST,1.25
13.6957,-13.3569,-15.1569,-14.7152,-14.5251,-8.4249,6.1002,0,0,MINE_TEST,1.25
13.7219,-12.44,-14.24,-13.8062,-13.5369,-8.4249,5.11203,0,0,MINE_TEST,1.25
13.7481,-11.1539,-12.9539,-12.7595,-12.5029,-8.4249,4.07796,0,0,MINE_TEST,1.25
13.7744,-9.92655,-11.7266,-11.6076,-11.4834,-8.4249,3.05848,0,0,MINE_TEST,1.25
13.8004,-8.59898,-10.399,-10.4179,-10.5244,-8.4249,2.09955,0,0,MINE_TEST,1.25
13.8266,-7.18539,-8.98539,-9.28023,-9.65426,-8.4249,1.22936,0,0,MINE_TEST,1.25
13.8525,-5.9067,-7.7067,-8.29357,-8.88708,-8.4249,0.462179,0,0,MINE_TEST,1.25
13.8788,-4.94582,-6.74582,-7.54322,-8.23099,-8.23287,0.00187932,0,0,MINE_TEST,1.25
13.9048,-4.63829,-6.43829,-7.07311,-7.69418,-8.23099,0.536806,0,0,MINE_TEST,1.25
13.9309,-4.57709,-6.37709,-6.86886,-7.28625,-8.05875,0.772502,0,0,MINE_TEST,1.25
13.9625,-4.88359,-6.68359,-6.86406,-7.01462,-7.95869,0.944066,0,0,MINE_TEST,1.25
13.9887,-5.22291,-7.02291,-6.96789,-6.88003,-7.90514,1.02511,0,0,MINE_TEST,1.25
14.0151,-5.56082,-7.36082,-7.10216,-6.87447,-7.77384,0.899365,0,0,MINE_TEST,1.25
14.0412,-5.48294,-7.28294,-7.2294,-6.98187,-7.69418,0.712316,0,0,MINE_TEST,1.25
14.0672,-5.36215,-7.16215,-7.35537,-7.17969,-7.66657,0.486875,0,0,MINE_TEST,1.25
14.0933,-5.54702,-7.34702,-7.50598,-7.44045,-7.58465,0.1442,0,0,MINE_TEST,1.25
14.1193,-5.82392,-7.62392,-7.69931,-7.73415,-7.58465,0.149501,0,0,MINE_TEST,1.25
14.1455,-6.07594,-7.87594,-7.93462,-8.03242,-7.58465,0.447764,0,0,MINE_TEST,1.25
14.1716,-6.39046,-8.19046,-8.19946,-8.3131,-7.58465,0.728447,0,0,MINE_TEST,1.25
14.1977,-6.71838,-8.51838,-8.48121,-8.56283,-7.58465,0.978173,0,0,MINE_TEST,1.25
14.2237,-6.90123,-8.70123,-8.77023,-8.77597,-7.58465,1.19131,0,0,MINE_TEST,1.25
14.25,-7.20123,-9.00123,-9.05187,-8.95087,-7.58465,1.36622,0,0,MINE_TEST,1.25
14.276,-7.69029,-9.49029,-9.29657,-9.08589,-7.58465,1.50124,0,0,MINE_TEST,1.25
14.3021,-7.99617,-9.79617,-9.46231,-9.17766,-7.58465,1.593,0,0,MINE_TEST,1.25
14.3282,-8.06738,-9.86738,-9.51325,-9.2225,-7.58465,1.63785,0,0,MINE_TEST,1.25
14.354,-7.96859,-9.76859,-9.44123,-9.21909,-7.58465,1.63444,0,0,MINE_TEST,1.25
14.3803,-7.46483,-9.26483,-9.27234,-9.16968,-7.58465,1.58502,0,0,MINE_TEST,1.25
14.4062,-7.21449,-9.01449,-9.05296,-9.079,-7.58465,1.49434,0,0,MINE_TEST,1.25
14.4323,-6.91594,-8.71594,-8.82614,-8.95234,-7.58465,1.36769,0,0,MINE_TEST,1.25
14.4584,-6.76203,-8.56203,-8.61586,-8.7946,-7.58465,1.20995,0,0,MINE_TEST,1.25
14.4844,-6.6321,-8.4321,-8.42741,-8.61061,-7.58465,1.02596,0,0,MINE_TEST,1.25
14.5102,-6.44677,-8.24677,-8.25805,-8.4059,-7.58465,0.821243,0,0,MINE_TEST,1.25
14.5362,-6.25627,-8.05627,-8.10525,-8.18656,-7.58465,0.601906,0,0,MINE_TEST,1.25
14.5624,-6.06815,-7.86815,-7.96506,-7.95802,-7.58465,0.373366,0,0,MINE_TEST,1.25
14.5885,-6.05631,-7.85631,-7.82518,-7.72329,-7.58465,0.138636,0,0,MINE_TEST,1.25
14.6143,-6.04374,-7.84374,-7.66441,-7.4823,-7.52752,0.0452197,0,0,MINE_TEST,1.25
14.6409,-5.83902,-7.63902,-7.4637,-7.23315,-7.49104,0.257894,0,0,MINE_TEST,1.25
14.6666,-5.45966,-7.25966,-7.21895,-6.97504,-7.4823,0.507253,0,0,MINE_TEST,1.25
14.6928,-5.13867,-6.93867,-6.94383,-6.71175,-7.46705,0.755299,0,0,MINE_TEST,1.25
14.7191,-4.83612,-6.63612,-6.66236,-6.45483,-7.44426,0.98943,0,0,MINE_TEST,1.25
14.7451,-4.50616,-6.30616,-6.40125,-6.22642,-7.44045,1.21404,0,0,MINE_TEST,1.25
14.7712,-4.24386,-6.04386,-6.18759,-6.06148,-7.41056,1.34908,0,0,MINE_TEST,1.25
14.7971,-4.05369,-5.85369,-6.05001,-6.00819,-7.35596,1.34777,0,0,MINE_TEST,1.25
14.8231,-3.91762,-5.71762,-6.01989,-6.12368,-7.28625,1.16257,0,0,MINE_TEST,1.25
14.8492,-3.9966,-5.7966,-6.13181,-6.46229,-7.27514,0.812846,0,0,MINE_TEST,1.25
14.8754,-4.21284,-6.01284,-6.42499,-7.0573,-7.23315,0.175846,0,0,MINE_TEST,1.25
14.9017,-4.58341,-6.38341,-6.94548,-7.90399,-7.23315,0.670842,0,0,MINE_TEST,1.25
14.9277,-5.2745,-7.0745,-7.74525,-8.95553,-7.23315,1.72238,0,0,MINE_TEST,1.25
14.954,-6.29353,-8.09353,-8.87286,-10.136,-7.28625,2.84978,0,0,MINE_TEST,1.25
14.9854,-7.62845,-9.42845,-10.3498,-11.3626,-7.44045,3.92211,0,0,MINE_TEST,1.25
15.0117,-9.70247,-11.5025,-12.136,-12.5632,-7.4823,5.08093,0,0,MINE_TEST,1.25
15.0379,-12.1602,-13.9602,-14.0938,-13.6848,-7.69418,5.99057,0,0,MINE_TEST,1.25
15.0638,-14.8411,-16.6411,-15.9755,-14.6905,-7.72329,6.96721,0,0,MINE_TEST,1.25
15.0897,-17.4063,-19.2063,-17.4623,-15.5524,-7.73415,7.81823,0,0,MINE_TEST,1.25
15.1156,-18.8362,-20.6362,-18.2691,-16.2422,-7.90399,8.33818,1,0,MINE_TEST,1.25
15.1413,-19.2541,-21.0541,-18.2879,-16.7286,-7.90399,8.82459,1,0,MINE_TEST,1.25
15.1671,-15.9587,-17.7587,-17.6713,-16.9837,-7.90399,9.07975,1,0,MINE_TEST,1.25
15.193,-13.7928,-15.5928,-16.7653,-16.9951,-7.90399,9.09108,1,0,MINE_TEST,1.25
15.2191,-13.2168,-15.0168,-15.9222,-16.7744,-7.90399,8.87037,1,0,MINE_TEST,1.25
15.2451,-12.8782,-14.6782,-15.3368,-16.3582,-7.90399,8.45425,1,1,MINE_TEST,1.25
15.2713,-12.894,-14.694,-15.0083,-15.802,-7.90399,7.89802,0,0,MINE_TEST,1.25
15.2974,-12.8202,-14.6202,-14.8026,-15.1722,-7.95802,7.2142,0,0,MINE_TEST,1.25
15.3235,-13.9599,-15.7599,-14.5514,-14.5397,-7.95869,6.581,0,0,MINE_TEST,1.25
15.3492,-12.9963,-14.7963,-14.1505,-13.9693,-8.03242,5.93684,0,0,MINE_TEST,1.25
15.3754,-11.8585,-13.6585,-13.624,-13.5048,-8.18656,5.3182,0,0,MINE_TEST,1.25
15.4016,-10.5014,-12.3014,-13.0997,-13.1564,-8.23099,4.92536,0,0,MINE_TEST,1.25
15.428,-9.93553,-11.7355,-12.7061,-12.9016,-8.3131,4.5885,0,0,MINE_TEST,1.25
15.4541,-10.628,-12.428,-12.4751,-12.7027,-8.4059,4.29679,0,0,MINE_TEST,1.25
15.4801,-10.7551,-12.5551,-12.3388,-12.5283,-8.56283,3.9655,0,0,MINE_TEST,1.25
15.506,-11.2651,-13.0651,-12.2148,-12.3652,-8.61061,3.75458,0,0,MINE_TEST,1.25
15.5321,-9.71312,-11.5131,-12.0862,-12.2143,-8.77597,3.43837,0,0,MINE_TEST,1.25
15.5582,-9.50454,-11.3045,-11.9928,-12.0799,-8.7946,3.28531,0,0,MINE_TEST,1.25
15.5844,-10.1722,-11.9722,-11.9572,-11.9591,-8.85883,3.10031,0,0,MINE_TEST,1.25
15.6106,-10.5749,-12.3749,-11.9441,-11.8384,-8.88708,2.95127,0,0,MINE_TEST,1.25
15.6366,-10.3808,-12.1808,-11.8927,-11.6963,-8.95087,2.74539,0,0,MINE_TEST,1.25
15.6628,-10.0211,-11.8211,-11.769,-11.5134,-8.95234,2.56109,0,0,MINE_TEST,1.25
15.6887,-9.75417,-11.5542,-11.5746,-11.2817,-8.95553,2.32621,0,0,MINE_TEST,1.25
15.7143,-9.59222,-11.3922,-11.3156,-11.0073,-9.079,1.9283,0,0,MINE_TEST,1.25
15.7403,-9.47809,-11.2781,-10.9833,-10.7047,-9.08589,1.61885,0,0,MINE_TEST,1.25
15.766,-9.19549,-10.9955,-10.5688,-10.3888,-9.16968,1.21912,0,0,MINE_TEST,1.25
15.7922,-8.25208,-10.0521,-10.0922,-10.0707,-9.17766,0.893017,0,0,MINE_TEST,1.25
15.8185,-7.53761,-9.33761,-9.61055,-9.7612,-9.21909,0.542106,0,0,MINE_TEST,1.25
15.845,-7.1507,-8.9507,-9.19478,-9.47482,-9.2225,0.252318,0,0,MINE_TEST,1.25
15.871,-6.62603,-8.42603,-8.89667,-9.22853,-9.22853,0,0,0,MINE_TEST,1.25
15.8974,-6.68404,-8.48404,-8.73106,-9.03655,-9.22853,0.191988,0,0,MINE_TEST,1.25
15.9235,-6.82937,-8.62937,-8.67998,-8.90663,-9.22853,0.321903,0,0,MINE_TEST,1.25
15.9496,-6.80487,-8.60487,-8.71157,-8.84095,-9.22853,0.387582,0,0,MINE_TEST,1.25
15.9759,-6.93692,-8.73692,-8.79899,-8.83866,-9.22853,0.389875,0,0,MINE_TEST,1.25
16.0077,-7.07695,-8.87695,-8.92764,-8.89685,-9.22853,0.331684,0,0,MINE_TEST,1.25
16.0336,-7.18688,-8.98688,-9.09033,-9.00994,-9.22853,0.218598,0,0,MINE_TEST,1.25
16.0594,-7.41368,-9.21368,-9.27835,-9.16929,-9.22853,0.0592469,0,0,MINE_TEST,1.25
16.0854,-7.71997,-9.51997,-9.47658,-9.36408,-9.22853,0.135545,0,0,MINE_TEST,1.25
16.1117,-7.99688,-9.79688,-9.66821,-9.58251,-9.22853,0.353975,0,0,MINE_TEST,1.25
16.1379,-8.1103,-9.9103,-9.8456,-9.81284,-9.22853,0.584309,0,0,MINE_TEST,1.25
16.1639,-8.11959,-9.91959,-10.0157,-10.0446,-9.22853,0.816025,0,0,MINE_TEST,1.25
16.1897,-8.32086,-10.1209,-10.1939,-10.2695,-9.22853,1.04095,0,0,MINE_TEST,1.25
16.2155,-8.54623,-10.3462,-10.394,-10.4822,-9.22853,1.25363,0,0,MINE_TEST,1.25
16.2413,-8.8111,-10.6111,-10.6225,-10.6793,-9.22853,1.45082,0,0,MINE_TEST,1.25
16.2672,-8.92793,-10.7279,-10.8753,-10.8592,-9.22853,1.63067,0,0,MINE_TEST,1.25
16.2931,-9.27182,-11.0718,-11.1318,-11.0212,-9.22853,1.79265,0,0,MINE_TEST,1.25
16.3193,-9.86018,-11.6602,-11.3547,-11.1664,-9.22853,1.93782,0,0,MINE_TEST,1.25
16.3455,-10.111,-11.911,-11.5073,-11.2973,-9.22853,2.06874,0,0,MINE_TEST,1.25
16.3716,-9.9081,-11.7081,-11.5812,-11.4168,-9.22853,2.18827,0,0,MINE_TEST,1.25
16.3975,-9.68483,-11.4848,-11.6059,-11.5264,-9.22853,2.2979,0,0,MINE_TEST,1.25
16.4233,-9.64481,-11.4448,-11.6274,-11.6262,-9.22853,2.39763,0,0,MINE_TEST,1.25
16.4496,-9.78346,-11.5835,-11.6796,-11.7167,-9.22853,2.48819,0,0,MINE_TEST,1.25
16.4758,-9.95195,-11.7519,-11.772,-11.804,-9.22853,2.5755,0,0,MINE_TEST,1.25
16.5019,-10.0735,-11.8735,-11.9007,-11.9042,-9.22853,2.67569,0,0,MINE_TEST,1.25
16.5279,-10.2149,-12.0149,-12.0641,-12.0462,-9.22853,2.81764,0,0,MINE_TEST,1.25
16.5539,-10.2679,-12.0679,-12.2669,-12.2675,-9.22853,3.03899,0,0,MINE_TEST,1.25
16.5801,-10.6083,-12.4083,-12.514,-12.6023,-9.22853,3.37377,0,0,MINE_TEST,1.25
16.6065,-11.0314,-12.8314,-12.8073,-13.0653,-9.22853,3.83674,0,0,MINE_TEST,1.25
16.6327,-11.269,-13.069,-13.1555,-13.6426,-9.36408,4.27852,0,0,MINE_TEST,1.25
16.6587,-11.5238,-13.3238,-13.5862,-14.2948,-9.47482,4.82,0,0,MINE_TEST,1.25
16.6852,-11.9692,-13.7692,-14.1475,-14.9683,-9.58251,5.38582,0,0,MINE_TEST,1.25
16.7112,-12.5252,-14.3252,-14.8857,-15.6073,-9.7612,5.84613,0,0,MINE_TEST,1.25
16.7374,-13.4344,-15.2344,-15.8039,-16.1609,-9.81284,6.3481,0,0,MINE_TEST,1.25
16.7636,-14.8237,-16.6237,-16.8143,-16.5863,-10.0446,6.54172,0,0,MINE_TEST,1.25
16.7899,-16.647,-18.447,-17.7216,-16.8494,-10.0707,6.77876,0,0,MINE_TEST,1.25
16.816,-18.3298,-20.1298,-18.2772,-16.9263,-10.136,6.79031,0,0,MINE_TEST,1.25
16.842,-18.4173,-20.2173,-18.2933,-16.8032,-10.2695,6.53373,0,0,MINE_TEST,1.25
16.868,-16.7585,-18.5585,-17.7399,-16.4765,-10.3888,6.08766,0,0,MINE_TEST,1.25
16.8939,-15.0258,-16.8258,-16.744,-15.9527,-10.4822,5.4705,0,0,MINE_TEST,1.25
16.9201,-13.8476,-15.6476,-15.5033,-15.2494,-10.6793,4.5701,0,0,MINE_TEST,1.25
16.9462,-12.1472,-13.9472,-14.1958,-14.3973,-10.7047,3.69256,0,0,MINE_TEST,1.25
16.9723,-10.7897,-12.5897,-12.9428,-13.4422,-10.8592,2.58296,0,0,MINE_TEST,1.25
16.9986,-9.73107,-11.5311,-11.8156,-12.4462,-11.0073,1.43894,0,0,MINE_TEST,1.25
17.03,-8.60028,-10.4003,-10.8532,-11.4841,-11.0212,0.462949,0,0,MINE_TEST,1.25
17.0564,-7.86843,-9.66843,-10.075,-10.6325,-11.0212,0.388726,0,0,MINE_TEST,1.25
17.0822,-7.39986,-9.19986,-9.49135,-9.95469,-11.0212,1.06649,0,0,MINE_TEST,1.25
17.1081,-6.8579,-8.6579,-9.11065,-9.48889,-11.0212,1.5323,0,0,MINE_TEST,1.25
17.1339,-6.55191,-8.35191,-8.94077,-9.24648,-11.0212,1.77471,0,0,MINE_TEST,1.25
17.1599,-6.89197,-8.69197,-8.9838,-9.22366,-11.0212,1.79752,0,0,MINE_TEST,1.25
17.1859,-7.02489,-8.82489,-9.23084,-9.41555,-11.0212,1.60564,0,0,MINE_TEST,1.25
17.212,-7.45121,-9.25121,-9.66027,-9.81921,-11.0212,1.20198,0,0,MINE_TEST,1.25
17.2383,-8.23284,-10.0328,-10.2365,-10.4215,-11.0212,0.599715,0,0,MINE_TEST,1.25
17.2644,-9.08066,-10.8807,-10.9129,-11.1824,-11.1664,0.0160831,0,0,MINE_TEST,1.25
17.2903,-9.90794,-11.7079,-11.6457,-12.0305,-11.1824,0.848072,0,0,MINE_TEST,1.25
17.3164,-10.6099,-12.4099,-12.4141,-12.8744,-11.2817,1.5927,0,0,MINE_TEST,1.25
17.3427,-11.2677,-13.0677,-13.2301,-13.6241,-11.2973,2.32678,0,0,MINE_TEST,1.25
17.3691,-11.9944,-13.7944,-14.1183,-14.2077,-11.3626,2.84515,0,0,MINE_TEST,1.25
17.3952,-12.8753,-14.6753,-15.0613,-14.5804,-11.4168,3.16362,0,0,MINE_TEST,1.25
17.4214,-14.2013,-16.0013,-15.9309,-14.7251,-11.4841,3.24101,0,0,MINE_TEST,1.25
17.4476,-16.1461,-17.9461,-16.4737,-14.6522,-11.5134,3.13882,0,0,MINE_TEST,1.25
17.4736,-17.6736,-19.4736,-16.4114,-14.3994,-11.5264,2.87297,0,0,MINE_TEST,1.25
17.4999,-15.8753,-17.6753,-15.6236,-14.0283,-11.6262,2.40216,0,0,MINE_TEST,1.25
17.5257,-12.452,-14.252,-14.2676,-13.6116,-11.6963,1.91537,0,0,MINE_TEST,1.25
17.5517,-9.78685,-11.5869,-12.7158,-13.211,-11.7167,1.49425,0,0,MINE_TEST,1.25
17.5777,-8.14594,-9.94594,-11.3648,-12.8585,-11.804,1.05445,0,0,MINE_TEST,1.25
17.6032,-7.40326,-9.20326,-10.4734,-12.5558,-11.8384,0.717478,0,0,MINE_TEST,1.25
17.6292,-7.3395,-9.1395,-10.1297,-12.2923,-11.9042,0.388062,0,0,MINE_TEST,1.25
17.6557,-7.6876,-9.4876,-10.3114,-12.0683,-11.9591,0.109193,0,0,MINE_TEST,1.25
17.6821,-8.3041,-10.1041,-10.9456,-11.907,-11.9591,0.0520933,0,0,MINE_TEST,1.25
17.7081,-9.31882,-11.1188,-11.9061,-11.8438,-11.9591,0.115359,0,0,MINE_TEST,1.25
17.7345,-11.079,-12.879,-12.9669,-11.8998,-11.9591,0.0593364,0,0,MINE_TEST,1.25
17.7609,-13.7009,-15.5009,-13.8033,-12.0592,-12.0305,0.0286775,0,0,MINE_TEST,1.25
17.7871,-15.312,-17.112,-14.112,-12.2684,-12.0305,0.23791,0,0,MINE_TEST,1.25
17.8133,-13.4319,-15.2319,-13.7965,-12.4604,-12.0305,0.429882,0,0,MINE_TEST,1.25
17.8394,-10.7639,-12.5639,-13.0501,-12.5838,-12.0305,0.553318,0,0,MINE_TEST,1.25
17.8655,-9.07291,-10.8729,-12.2409,-12.6171,-12.0305,0.586601,0,0,MINE_TEST,1.25
17.892,-8.52203,-10.322,-11.6854,-12.5627,-12.0305,0.532187,0,0,MINE_TEST,1.25
17.9183,-8.92357,-10.7236,-11.4882,-12.4351,-12.0305,0.404592,0,0,MINE_TEST,1.25
17.9443,-9.89681,-11.6968,-11.5447,-12.2557,-12.0305,0.225187,0,0,MINE_TEST,1.25
17.9708,-10.7342,-12.5342,-11.6697,-12.0552,-12.0305,0.0246986,0,0,MINE_TEST,1.25
17.997,-10.4237,-12.2237,-11.7467,-11.8744,-11.9591,0.0847159,0,0,MINE_TEST,1.25
18.0232,-9.48155,-11.2816,-11.789,-11.7544,-11.907,0.152628,0,0,MINE_TEST,1.25
18.0555,-9.25347,-11.0535,-11.8756,-11.7184,-11.9042,0.185792,0,0,MINE_TEST,1.25
18.0818,-9.97243,-11.7724,-12.0342,-11.7584,-11.8998,0.141356,0,0,MINE_TEST,1.25
18.108,-11.0763,-12.8763,-12.1894,-11.8389,-11.8744,0.035524,0,0,MINE_TEST,1.25
18.1342,-11.5283,-13.3283,-12.2287,-11.9163,-11.8744,0.0418505,0,0,MINE_TEST,1.25
18.1603,-10.4692,-12.2692,-12.1099,-11.9599,-11.8744,0.0855275,0,0,MINE_TEST,1.25
18.1862,-9.69458,-11.4946,-11.8994,-11.9604,-11.8744,0.0859465,0,0,MINE_TEST,1.25
18.2122,-9.44286,-11.2429,-11.7108,-11.9227,-11.8744,0.0482794,0,0,MINE_TEST,1.25
18.2381,-9.50591,-11.3059,-11.6169,-11.8547,-11.8744,0.0197261,0,0,MINE_TEST,1.25
18.2644,-9.81701,-11.617,-11.6124,-11.759,-11.8744,0.115415,0,0,MINE_TEST,1.25
18.2906,-10.0241,-11.8241,-11.6393,-11.6348,-11.8744,0.239609,0,0,MINE_TEST,1.25
18.3167,-10.0677,-11.8677,-11.6337,-11.4853,-11.8744,0.389111,0,0,MINE_TEST,1.25
18.3426,-9.95981,-11.7598,-11.5569,-11.3225,-11.8744,0.551907,0,0,MINE_TEST,1.25
18.3687,-9.67365,-11.4737,-11.4006,-11.1635,-11.8744,0.710947,0,0,MINE_TEST,1.25
18.3949,-9.54845,-11.3485,-11.1776,-11.0206,-11.8744,0.85382,0,0,MINE_TEST,1.25
18.4208,-9.15171,-10.9517,-10.9154,-10.895,-11.8744,0.979442,0,0,MINE_TEST,1.25
18.447,-8.77232,-10.5723,-10.6532,-10.7786,-11.8744,1.09581,0,0,MINE_TEST,1.25
18.4731,-8.34798,-10.148,-10.4352,-10.6629,-11.8744,1.21154,0,0,MINE_TEST,1.25
18.4995,-8.22305,-10.023,-10.2946,-10.5455,-11.8744,1.32891,0,0,MINE_TEST,1.25
18.5259,-8.28092,-10.0809,-10.2386,-10.4315,-11.8744,1.44294,0,0,MINE_TEST,1.25
18.5521,-8.42202,-10.222,-10.2458,-10.3293,-11.8744,1.54516,0,0,MINE_TEST,1.25
18.5784,-8.54522,-10.3452,-10.2793,-10.2463,-11.8744,1.62812,0,0,MINE_TEST,1.25
18.6045,-8.6176,-10.4176,-10.3043,-10.1866,-11.8744,1.6878,0,0,MINE_TEST,1.25
18.6307,-8.59521,-10.3952,-10.3008,-10.1504,-11.8744,1.72404,0,0,MINE_TEST,1.25
18.6571,-8.5131,-10.3131,-10.2666,-10.1347,-11.8744,1.73977,0,0,MINE_TEST,1.25
18.6831,-8.40647,-10.2065,-10.2125,-10.1343,-11.8744,1.74009,0,0,MINE_TEST,1.25
18.7091,-8.31654,-10.1165,-10.1551,-10.1435,-11.8744,1.73092,0,0,MINE_TEST,1.25
18.735,-8.25353,-10.0535,-10.1101,-10.157,-11.8744,1.71743,0,0,MINE_TEST,1.25
18.7609,-8.2171,-10.0171,-10.0888,-10.172,-11.8744,1.70238,0,0,MINE_TEST,1.25
18.787,-8.22592,-10.0259,-10.0971,-10.1889,-11.8744,1.68553,0,0,MINE_TEST,1.25
18.8132,-8.26561,-10.0656,-10.1349,-10.2101,-11.8744,1.66433,0,0,MINE_TEST,1.25
18.8396,-8.36993,-10.1699,-10.1966,-10.2389,-11.8744,1.63548,0,0,MINE_TEST,1.25
18.8661,-8.47875,-10.2788,-10.2728,-10.2779,-11.8744,1.5965,0,0,MINE_TEST,1.25
18.8926,-8.57399,-10.374,-10.3541,-10.3277,-11.8744,1.54673,0,0,MINE_TEST,1.25
18.9185,-8.63704,-10.437,-10.4328,-10.3869,-11.8744,1.48755,0,0,MINE_TEST,1.25
18.9443,-8.72267,-10.5227,-10.5038,-10.4523,-11.8744,1.42208,0,0,MINE_TEST,1.25
18.9705,-8.80614,-10.6061,-10.5639,-10.5201,-11.8744,1.35434,0,0,MINE_TEST,1.25
18.9964,-8.8543,-10.6543,-10.6124,-10.5862,-11.8744,1.28819,0,0,MINE_TEST,1.25
19.0224,-8.85316,-10.6532,-10.6529,-10.6482,-11.8744,1.2262,0,0,MINE_TEST,1.25
19.0485,-8.8525,-10.6525,-10.6926,-10.7052,-11.8744,1.16923,0,0,MINE_TEST,1.25
19.0799,-8.90468,-10.7047,-10.7378,-10.7577,-11.8744,1.11673,0,0,MINE_TEST,1.25
19.1058,-8.97957,-10.7796,-10.7901,-10.8067,-11.8744,1.06777,0,0,MINE_TEST,1.25
19.1317,-9.05387,-10.8539,-10.8453,-10.8526,-11.8547,1.0021,0,0,MINE_TEST,1.25
19.1579,-9.12872,-10.9287,-10.8963,-10.8955,-11.8438,0.948269,0,0,MINE_TEST,1.25
19.1839,-9.19892,-10.9989,-10.9382,-10.9352,-11.8389,0.903667,0,0,MINE_TEST,1.25
19.2098,-9.18255,-10.9825,-10.9723,-10.9719,-11.759,0.787094,0,0,MINE_TEST,1.25
19.2362,-9.14619,-10.9462,-11.0052,-11.0059,-11.7584,0.752502,0,0,MINE_TEST,1.25
19.2623,-9.19129,-10.9913,-11.0422,-11.0375,-11.7544,0.71695,0,0,MINE_TEST,1.25
19.2889,-9.30256,-11.1026,-11.0811,-11.066,-11.7184,0.652413,0,0,MINE_TEST,1.25
19.3153,-9.39539,-11.1954,-11.1128,-11.0908,-11.6348,0.544016,0,0,MINE_TEST,1.25
19.3416,-9.40435,-11.2044,-11.1291,-11.1114,-11.4853,0.37394,0,0,MINE_TEST,1.25
19.3675,-9.33192,-11.1319,-11.1311,-11.1282,-11.4841,0.355959,0,0,MINE_TEST,1.25
19.3935,-9.2841,-11.0841,-11.1283,-11.1424,-11.3225,0.180107,0,0,MINE_TEST,1.25
19.4196,-9.27276,-11.0728,-11.1312,-11.1553,-11.1824,0.0270901,0,0,MINE_TEST,1.25
19.4454,-9.32352,-11.1235,-11.1434,-11.1675,-11.1675,0,0,0,MINE_TEST,1.25
19.4716,-9.39129,-11.1913,-11.16,-11.1783,-11.1675,0.0107607,0,0,MINE_TEST,1.25
19.4979,-9.42397,-11.224,-11.1731,-11.1861,-11.1675,0.0185361,0,0,MINE_TEST,1.25
19.5239,-9.40017,-11.2002,-11.1786,-11.1891,-11.1675,0.0215833,0,0,MINE_TEST,1.25
19.5499,-9.35371,-11.1537,-11.178,-11.1861,-11.1675,0.0185997,0,0,MINE_TEST,1.25
19.5759,-9.36275,-11.1628,-11.1753,-11.1762,-11.1675,0.00871125,0,0,MINE_TEST,1.25
19.602,-9.37245,-11.1725,-11.1715,-11.1586,-11.1635,0.00491375,0,0,MINE_TEST,1.25
19.6281,-9.38532,-11.1853,-11.1629,-11.132,-11.1586,0.0265425,0,0,MINE_TEST,1.25
19.6539,-9.39333,-11.1933,-11.1419,-11.0956,-11.1553,0.0597207,0,0,MINE_TEST,1.25
19.6799,-9.36574,-11.1657,-11.1014,-11.0492,-11.1553,0.106185,0,0,MINE_TEST,1.25
19.7061,-9.30276,-11.1028,-11.0387,-10.9936,-11.1553,0.161788,0,0,MINE_TEST,1.25
19.7323,-9.17476,-10.9748,-10.9574,-10.9307,-11.1553,0.224615,0,0,MINE_TEST,1.25
19.7582,-9.05056,-10.8506,-10.8663,-10.863,-11.1553,0.292311,0,0,MINE_TEST,1.25
19.7842,-8.94652,-10.7465,-10.7756,-10.7928,-11.1553,0.362551,0,0,MINE_TEST,1.25
19.8108,-8.85942,-10.6594,-10.6929,-10.7222,-11.1553,0.433111,0,0,MINE_TEST,1.25
19.8371,-8.79716,-10.5972,-10.6212,-10.6537,-11.1553,0.501649,0,0,MINE_TEST,1.25
19.8634,-8.75061,-10.5506,-10.5602,-10.5898,-11.1553,0.565558,0,0,MINE_TEST,1.25
19.8897,-8.70014,-10.5001,-10.5084,-10.5332,-11.1424,0.609211,0,0,MINE_TEST,1.25
19.9156,-8.64487,-10.4449,-10.4653,-10.4862,-11.132,0.645803,0,0,MINE_TEST,1.25
19.9418,-8.60317,-10.4032,-10.4323,-10.4502,-11.1282,0.677967,0,0,MINE_TEST,1.25
19.968,-8.57987,-10.3799,-10.4105,-10.4253,-11.1114,0.68605,0,0,MINE_TEST,1.25
19.994,-8.5785,-10.3785,-10.3998,-10.4105,-11.0956,0.685076,0,0,MINE_TEST,1.25
20.02,-8.59012,-10.3901,-10.3987,-10.4041,-11.0908,0.68665,0,0,MINE_TEST,1.25
20.0459,-8.59805,-10.3981,-10.4044,-10.4042,-11.066,0.661831,0,0,MINE_TEST,1.25
20.072,-8.6098,-10.4098,-10.4144,-10.409,-11.0492,0.640179,0,0,MINE_TEST,1.25
20.104,-8.62304,-10.423,-10.427,-10.4173,-11.0375,0.62018,0,0,MINE_TEST,1.25
20.1301,-8.64134,-10.4413,-10.4407,-10.4283,-11.0206,0.59234,0,0,MINE_TEST,1.25
20.1559,-8.65953,-10.4595,-10.4544,-10.4413,-11.0059,0.564666,0,0,MINE_TEST,1.25
20.1819,-8.67068,-10.4707,-10.4672,-10.4558,-10.9936,0.537793,0,0,MINE_TEST,1.25
20.2085,-8.67971,-10.4797,-10.479,-10.4712,-10.9719,0.500742,0,0,MINE_TEST,1.25
20.2345,-8.69017,-10.4902,-10.4898,-10.487,-10.9352,0.448186,0,0,MINE_TEST,1.25
20.2606,-8.70386,-10.5039,-10.5002,-10.5031,-10.9307,0.42767,0,0,MINE_TEST,1.25
20.2867,-8.70625,-10.5062,-10.5112,-10.5189,-10.8955,0.376566,0,0,MINE_TEST,1.25
20.3126,-8.71864,-10.5186,-10.5238,-10.5344,-10.895,0.360603,0,0,MINE_TEST,1.25
20.3389,-8.72608,-10.5261,-10.5392,-10.5489,-10.863,0.314092,0,0,MINE_TEST,1.25
20.365,-8.7471,-10.5471,-10.5572,-10.5622,-10.8526,0.290448,0,0,MINE_TEST,1.25
20.3912,-8.78614,-10.5861,-10.5762,-10.5735,-10.8067,0.233107,0,0,MINE_TEST,1.25
20.4172,-8.80664,-10.6066,-10.5941,-10.5828,-10.7928,0.21001,0,0,MINE_TEST,1.25
20.443,-8.81449,-10.6145,-10.6085,-10.5897,-10.7786,0.188898,0,0,MINE_TEST,1.25
20.4688,-8.82972,-10.6297,-10.618,-10.5944,-10.7577,0.16325,0,0,MINE_TEST,1.25
20.4948,-8.83877,-10.6388,-10.6223,-10.5973,-10.7222,0.124923,0,0,MINE_TEST,1.25
20.5209,-8.83021,-10.6302,-10.6218,-10.5989,-10.7052,0.106313,0,0,MINE_TEST,1.25
20.547,-8.81804,-10.618,-10.6182,-10.5999,-10.6629,0.0629623,0,0,MINE_TEST,1.25
20.5733,-8.81024,-10.6102,-10.614,-10.6015,-10.6537,0.0521657,0,0,MINE_TEST,1.25
20.5995,-8.80041,-10.6004,-10.6125,-10.6054,-10.6482,0.0427706,0,0,MINE_TEST,1.25
20.6256,-8.79825,-10.5983,-10.6172,-10.6144,-10.6144,0,0,0,MINE_TEST,1.25
20.6514,-8.80248,-10.6025,-10.6313,-10.6323,-10.6144,0.0178916,0,0,MINE_TEST,1.25
20.6775,-8.82765,-10.6277,-10.6579,-10.664,-10.6144,0.0495752,0,0,MINE_TEST,1.25
20.7035,-8.86503,-10.665,-10.699,-10.7145,-10.6144,0.100146,0,0,MINE_TEST,1.25
20.7297,-8.92263,-10.7226,-10.7564,-10.7883,-10.6144,0.173866,0,0,MINE_TEST,1.25
20.7557,-8.99784,-10.7978,-10.832,-10.8874,-10.6144,0.273021,0,0,MINE_TEST,1.25
20.7819,-9.08273,-10.8827,-10.9291,-11.0115,-10.6144,0.397086,0,0,MINE_TEST,1.25
20.8075,-9.18351,-10.9835,-11.0524,-11.1569,-10.6144,0.542513,0,0,MINE_TEST,1.25
20.8335,-9.32462,-11.1246,-11.2066,-11.3176,-10.6144,0.703219,0,0,MINE_TEST,1.25
20.8596,-9.51341,-11.3134,-11.3933,-11.486,-10.6144,0.871568,0,0,MINE_TEST,1.25
20.8856,-9.75462,-11.5546,-11.6071,-11.6539,-10.6144,1.03947,0,0,MINE_TEST,1.25
20.9118,-10.0392,-11.8392,-11.8336,-11.8136,-10.6144,1.19922,0,0,MINE_TEST,1.25
20.938,-10.3307,-12.1307,-12.0505,-11.9583,-10.6144,1.34386,0,0,MINE_TEST,1.25
20.9641,-10.5793,-12.3793,-12.2329,-12.0818,-10.6144,1.46739,0,0,MINE_TEST,1.25
20.9903,-10.7285,-12.5285,-12.3607,-12.1795,-10.6144,1.56513,0,0,MINE_TEST,1.25
21.0166,-10.7709,-12.5709,-12.4246,-12.2488,-10.6144,1.63445,0,0,MINE_TEST,1.25
21.0426,-10.7322,-12.5322,-12.4289,-12.29,-10.6144,1.67557,0,0,MINE_TEST,1.25
21.0687,-10.6316,-12.4316,-12.3884,-12.3064,-10.6144,1.692,0,0,MINE_TEST,1.25
21.0949,-10.5103,-12.3103,-12.3234,-12.3045,-10.6144,1.69005,0,0,MINE_TEST,1.25
21.1261,-10.4143,-12.2143,-12.2521,-12.2923,-10.6323,1.65996,0,0,MINE_TEST,1.25
21.1524,-10.3573,-12.1573,-12.1877,-12.2783,-10.6482,1.6301,0,0,MINE_TEST,1.25
21.1788,-10.3151,-12.1151,-12.1388,-12.2702,-10.6537,1.6165,0,0,MINE_TEST,1.25
21.2051,-10.2676,-12.0676,-12.1132,-12.2733,-10.664,1.60937,0,0,MINE_TEST,1.25
21.2312,-10.2134,-12.0134,-12.1212,-12.2904,-10.7052,1.58519,0,0,MINE_TEST,1.25
21.2574,-10.2227,-12.0227,-12.1723,-12.3211,-10.7145,1.60651,0,0,MINE_TEST,1.25
21.2834,-10.3577,-12.1577,-12.2672,-12.3628,-10.7222,1.64055,0,0,MINE_TEST,1.25
21.3097,-10.5785,-12.3785,-12.3924,-12.4113,-10.7577,1.65361,0,0,MINE_TEST,1.25
21.336,-10.8055,-12.6055,-12.5219,-12.4609,-10.7883,1.67266,0,0,MINE_TEST,1.25
21.3625,-10.9626,-12.7626,-12.6265,-12.5044,-10.7928,1.71163,0,0,MINE_TEST,1.25
21.3886,-11.0283,-12.8283,-12.6838,-12.5332,-10.8067,1.72657,0,0,MINE_TEST,1.25
21.4145,-11.0097,-12.8097,-12.6845,-12.5385,-10.8526,1.68588,0,0,MINE_TEST,1.25
21.4406,-10.929,-12.729,-12.6334,-12.5134,-10.863,1.65038,0,0,MINE_TEST,1.25
21.4666,-10.7773,-12.5773,-12.5453,-12.4561,-10.8874,1.56869,0,0,MINE_TEST,1.25
21.4924,-10.5968,-12.3968,-12.4381,-12.3715,-10.8955,1.47599,0,0,MINE_TEST,1.25
21.5181,-10.4842,-12.2842,-12.3244,-12.2712,-10.9307,1.34044,0,0,MINE_TEST,1.25
21.5442,-10.4349,-12.2349,-12.2055,-12.1702,-10.9352,1.23492,0,0,MINE_TEST,1.25
21.5704,-10.3645,-12.1645,-12.0745,-12.082,-10.9719,1.11013,0,0,MINE_TEST,1.25
21.5964,-10.2154,-12.0154,-11.9282,-12.0145,-10.9936,1.02099,0,0,MINE_TEST,1.25
21.6225,-9.97573,-11.7757,-11.7809,-11.9679,-11.0059,0.962001,0,0,MINE_TEST,1.25
21.6486,-9.66968,-11.4697,-11.6677,-11.9369,-11.0115,0.92541,0,0,MINE_TEST,1.25
21.6745,-9.49697,-11.297,-11.6314,-11.9141,-11.0375,0.876652,0,0,MINE_TEST,1.25
21.7007,-9.5666,-11.3666,-11.698,-11.8938,-11.0492,0.844658,0,0,MINE_TEST,1.25
21.7268,-9.88399,-11.684,-11.8538,-11.8734,-11.066,0.807356,0,0,MINE_TEST,1.25
21.753,-10.3661,-12.1661,-12.0409,-11.8533,-11.0908,0.762486,0,0,MINE_TEST,1.25
21.7791,-10.7966,-12.5966,-12.179,-11.836,-11.0956,0.740343,0,0,MINE_TEST,1.25
21.8051,-10.8864,-12.6864,-12.2035,-11.8242,-11.1114,0.712781,0,0,MINE_TEST,1.25
21.831,-10.5705,-12.3705,-12.1004,-11.8193,-11.1282,0.691119,0,0,MINE_TEST,1.25
21.8569,-10.0676,-11.8676,-11.9129,-11.8205,-11.132,0.688523,0,0,MINE_TEST,1.25
21.8831,-9.65334,-11.4533,-11.7173,-11.8249,-11.1424,0.682448,0,0,MINE_TEST,1.25
21.9091,-9.45777,-11.2578,-11.5834,-11.8286,-11.1553,0.673275,0,0,MINE_TEST,1.25
21.9351,-9.50273,-11.3027,-11.5464,-11.8302,-11.1569,0.673328,0,0,MINE_TEST,1.25
21.9612,-9.69138,-11.4914,-11.6009,-11.8325,-11.1586,0.673901,0,0,MINE_TEST,1.25
21.9873,-9.92035,-11.7204,-11.7157,-11.8428,-11.1675,0.675286,0,0,MINE_TEST,1.25
22.0135,-10.1046,-11.9046,-11.8547,-11.8713,-11.1762,0.695098,0,0,MINE_TEST,1.25
22.0397,-10.2382,-12.0382,-11.9912,-11.9265,-11.1783,0.748216,0,0,MINE_TEST,1.25
22.0656,-10.3527,-12.1527,-12.1127,-12.0111,-11.1861,0.825092,0,0,MINE_TEST,1.25
22.0912,-10.4453,-12.2453,-12.2169,-12.1208,-11.1861,0.934698,0,0,MINE_TEST,1.25
22.1172,-10.5249,-12.3249,-12.3069,-12.2453,-11.1891,1.05617,0,0,MINE_TEST,1.25
22.1488,-10.5968,-12.3968,-12.388,-12.3721,-11.3176,1.05452,0,0,MINE_TEST,1.25
22.1747,-10.6604,-12.4604,-12.4653,-12.4905,-11.486,1.00452,0,0,MINE_TEST,1.25
22.2006,-10.7241,-12.5241,-12.543,-12.5927,-11.6539,0.938798,0,0,MINE_TEST,1.25
22.2269,-10.8095,-12.6095,-12.6228,-12.6744,-11.8136,0.860736,0,0,MINE_TEST,1.25
22.2531,-10.9176,-12.7176,-12.7029,-12.7336,-11.8193,0.914284,0,0,MINE_TEST,1.25
22.2792,-10.9969,-12.7969,-12.7782,-12.7699,-11.8205,0.94933,0,0,MINE_TEST,1.25
22.3056,-11.074,-12.874,-12.8407,-12.7838,-11.8242,0.959628,0,0,MINE_TEST,1.25
22.3316,-11.1495,-12.9495,-12.8796,-12.7767,-11.8249,0.951831,0,0,MINE_TEST,1.25
22.3577,-11.1899,-12.9899,-12.8828,-12.7507,-11.8286,0.922093,0,0,MINE_TEST,1.25
22.3838,-11.1735,-12.9735,-12.8404,-12.7086,-11.8302,0.878342,0,0,MINE_TEST,1.25
22.4099,-11.0718,-12.8718,-12.7505,-12.6535,-11.8325,0.821059,0,0,MINE_TEST,1.25
22.4359,-10.8743,-12.6743,-12.6238,-12.5892,-11.836,0.753237,0,0,MINE_TEST,1.25
22.4624,-10.634,-12.434,-12.4825,-12.5197,-11.8428,0.676924,0,0,MINE_TEST,1.25
22.4881,-10.4359,-12.2359,-12.3536,-12.4495,-11.8533,0.596238,0,0,MINE_TEST,1.25
22.514,-10.3321,-12.1321,-12.2584,-12.3832,-11.8713,0.511864,0,0,MINE_TEST,1.25
22.5401,-10.3168,-12.1168,-12.2054,-12.3253,-11.8734,0.451965,0,0,MINE_TEST,1.25
22.566,-10.3481,-12.1481,-12.1911,-12.2805,-11.8938,0.386646,0,0,MINE_TEST,1.25
22.592,-10.3836,-12.1836,-12.2049,-12.2527,-11.9141,0.338628,0,0,MINE_TEST,1.25
22.6183,-10.4226,-12.2226,-12.2364,-12.2456,-11.9265,0.319063,0,0,MINE_TEST,1.25
22.6438,-10.4681,-12.2681,-12.2779,-12.2606,-11.9369,0.323708,0,0,MINE_TEST,1.25
22.67,-10.5201,-12.3201,-12.3247,-12.2972,-11.9583,0.338905,0,0,MINE_TEST,1.25
22.696,-10.5728,-12.3728,-12.3742,-12.3519,-11.9679,0.383973,0,0,MINE_TEST,1.25
22.722,-10.6326,-12.4326,-12.4255,-12.4196,-12.0111,0.408473,0,0,MINE_TEST,1.25
22.7479,-10.6749,-12.4749,-12.4794,-12.4943,-12.0145,0.479766,0,0,MINE_TEST,1.25
22.7739,-10.7139,-12.5139,-12.5388,-12.5705,-12.0818,0.488673,0,0,MINE_TEST,1.25
22.8,-10.7667,-12.5667,-12.6068,-12.6435,-12.082,0.561441,0,0,MINE_TEST,1.25
22.8264,-10.8583,-12.6583,-12.6832,-12.7096,-12.1208,0.588789,0,0,MINE_TEST,1.25
22.8524,-10.978,-12.778,-12.7627,-12.7656,-12.1702,0.595429,0,0,MINE_TEST,1.25
22.8787,-11.084,-12.884,-12.8356,-12.8086,-12.1795,0.629031,0,0,MINE_TEST,1.25
22.9052,-11.1519,-12.9519,-12.8917,-12.8362,-12.2453,0.59098,0,0,MINE_TEST,1.25
22.9311,-11.188,-12.988,-12.9229,-12.8472,-12.2456,0.601614,0,0,MINE_TEST,1.25
22.9577,-11.1856,-12.9856,-12.9251,-12.8409,-12.2488,0.592053,0,0,MINE_TEST,1.25
22.984,-11.1583,-12.9583,-12.8976,-12.818,-12.2527,0.565298,0,0,MINE_TEST,1.25
23.0101,-11.0966,-12.8966,-12.8425,-12.7802,-12.2606,0.51961,0,0,MINE_TEST,1.25
23.0363,-11.0066,-12.8066,-12.7648,-12.7299,-12.2702,0.459737,0,0,MINE_TEST,1.25
23.0625,-10.8814,-12.6814,-12.6726,-12.6706,-12.2712,0.399468,0,0,MINE_TEST,1.25
23.0889,-10.7522,-12.5522,-12.5766,-12.6065,-12.2733,0.333182,0,0,MINE_TEST,1.25
23.1151,-10.6434,-12.4434,-12.4879,-12.5423,-12.2783,0.264019,0,0,MINE_TEST,1.25
23.1412,-10.5652,-12.3652,-12.4152,-12.4828,-12.2805,0.202294,0,0,MINE_TEST,1.25
23.1726,-10.5131,-12.3131,-12.3636,-12.4319,-12.29,0.141929,0,0,MINE_TEST,1.25
23.1991,-10.4889,-12.2889,-12.3344,-12.3928,-12.2904,0.102458,0,0,MINE_TEST,1.25
23.225,-10.4875,-12.2875,-12.3259,-12.3674,-12.2923,0.075137,0,0,MINE_TEST,1.25
23.2511,-10.5089,-12.3089,-12.3344,-12.3561,-12.2972,0.0589058,0,0,MINE_TEST,1.25
23.2772,-10.5489,-12.3489,-12.3549,-12.3582,-12.3045,0.053703,0,0,MINE_TEST,1.25
23.3029,-10.5794,-12.3794,-12.3824,-12.3719,-12.3064,0.0654873,0,0,MINE_TEST,1.25
23.3288,-10.6123,-12.4123,-12.4134,-12.3948,-12.3211,0.0737812,0,0,MINE_TEST,1.25
23.3553,-10.6464,-12.4464,-12.4457,-12.4245,-12.3253,0.0991646,0,0,MINE_TEST,1.25
23.3816,-10.6798,-12.4798,-12.4781,-12.4589,-12.3519,0.106955,0,0,MINE_TEST,1.25
23.4076,-10.7092,-12.5092,-12.5101,-12.4968,-12.3561,0.140682,0,0,MINE_TEST,1.25
23.4337,-10.7451,-12.5451,-12.5414,-12.5377,-12.3582,0.179521,0,0,MINE_TEST,1.25
23.4596,-10.7751,-12.5751,-12.5715,-12.5814,-12.3628,0.2186,0,0,MINE_TEST,1.25
23.4859,-10.8049,-12.6049,-12.6007,-12.627,-12.3674,0.259597,0,0,MINE_TEST,1.25
23.5121,-10.8285,-12.6285,-12.6299,-12.6722,-12.3715,0.300676,0,0,MINE_TEST,1.25
23.5382,-10.8505,-12.6505,-12.6605,-12.7129,-12.3719,0.340968,0,0,MINE_TEST,1.25
23.564,-10.8804,-12.6804,-12.694,-12.7434,-12.3721,0.371288,0,0,MINE_TEST,1.25
23.5901,-10.9207,-12.7207,-12.7295,-12.7579,-12.3832,0.374682,0,0,MINE_TEST,1.25
23.6162,-10.9731,-12.7731,-12.7627,-12.7511,-12.3928,0.358258,0,0,MINE_TEST,1.25
23.6425,-11.0266,-12.8266,-12.7844,-12.72,-12.3948,0.325215,0,0,MINE_TEST,1.25
23.6688,-11.0626,-12.8626,-12.7814,-12.6643,-12.4113,0.252968,0,0,MINE_TEST,1.25
23.6948,-11.0602,-12.8602,-12.739,-12.5858,-12.4196,0.16615,0,0,MINE_TEST,1.25
23.7213,-10.9898,-12.7898,-12.6456,-12.4884,-12.4245,0.0638771,0,0,MINE_TEST,1.25
23.7475,-10.8298,-12.6298,-12.4989,-12.377,-12.4245,0.0475027,0,0,MINE_TEST,1.25
23.7736,-10.5729,-12.3729,-12.3094,-12.2569,-12.4245,0.167632,0,0,MINE_TEST,1.25
23.7998,-10.2673,-12.0673,-12.1,-12.1331,-12.4245,0.291395,0,0,MINE_TEST,1.25
23.8259,-9.99001,-11.79,-11.9002,-12.0105,-12.4245,0.414034,0,0,MINE_TEST,1.25
23.8521,-9.793,-11.593,-11.7359,-11.8933,-12.4245,0.531219,0,0,MINE_TEST,1.25
23.8782,-9.68992,-11.4899,-11.6224,-11.7855,-12.4245,0.63904,0,0,MINE_TEST,1.25
23.9042,-9.66461,-11.4646,-11.561,-11.6905,-12.4245,0.733986,0,0,MINE_TEST,1.25
23.9305,-9.69337,-11.4934,-11.5418,-11.6115,-12.4245,0.812982,0,0,MINE_TEST,1.25
23.9565,-9.74093,-11.5409,-11.5492,-11.551,-12.4196,0.868655,0,0,MINE_TEST,1.25
23.9826,-9.78563,-11.5856,-11.5668,-11.5105,-12.3948,0.884348,0,0,MINE_TEST,1.25
24.009,-9.81349,-11.6135,-11.5822,-11.4906,-12.3928,0.902272,0,0,MINE_TEST,1.25
24.0352,-9.82215,-11.6222,-11.5881,-11.4904,-12.3832,0.892815,0,0,MINE_TEST,1.25
24.0613,-9.80813,-11.6081,-11.5832,-11.5079,-12.377,0.869082,0,0,MINE_TEST,1.25
24.0872,-9.77699,-11.577,-11.5716,-11.5406,-12.3721,0.83158,0,0,MINE_TEST,1.25
24.1135,-9.73584,-11.5358,-11.5626,-11.5856,-12.3721,0.786492,0,0,MINE_TEST,1.25
24.1398,-9.70748,-11.5075,-11.5681,-11.641,-12.3721,0.731094,0,0,MINE_TEST,1.25
24.1661,-9.7085,-11.5085,-11.6002,-11.7052,-12.3721,0.666923,0,0,MINE_TEST,1.25
24.1968,-9.77297,-11.573,-11.6668,-11.7769,-12.3721,0.595188,0,0,MINE_TEST,1.25
24.223,-9.89207,-11.6921,-11.7684,-11.8549,-12.3721,0.517213,0,0,MINE_TEST,1.25
24.2491,-10.0655,-11.8655,-11.897,-11.9373,-12.3721,0.434801,0,0,MINE_TEST,1.25
24.2754,-10.2525,-12.0525,-12.037,-12.0217,-12.3721,0.350406,0,0,MINE_TEST,1.25
24.302,-10.4489,-12.2489,-12.17,-12.105,-12.3721,0.26709,0,0,MINE_TEST,1.25
24.3282,-10.5656,-12.3656,-12.2803,-12.1838,-12.3721,0.188328,0,0,MINE_TEST,1.25
24.354,-10.6337,-12.4337,-12.3588,-12.2544,-12.3721,0.117707,0,0,MINE_TEST,1.25
24.3803,-10.6647,-12.4647,-12.4045,-12.3136,-12.3721,0.0585219,0,0,MINE_TEST,1.25
24.4065,-10.6656,-12.4656,-12.4217,-12.3588,-12.3721,0.0132866,0,0,MINE_TEST,1.25
24.4327,-10.6405,-12.4405,-12.418,-12.3889,-12.377,0.0119096,0,0,MINE_TEST,1.25
24.4586,-10.609,-12.409,-12.4016,-12.4042,-12.3832,0.0210562,0,0,MINE_TEST,1.25
24.4844,-10.5713,-12.3713,-12.38,-12.407,-12.3889,0.0181114,0,0,MINE_TEST,1.25
24.5105,-10.5455,-12.3455,-12.3594,-12.4008,-12.3928,0.00792134,0,0,MINE_TEST,1.25
24.5366,-10.525,-12.325,-12.3439,-12.3896,-12.3928,0.00322436,0,0,MINE_TEST,1.25
24.5625,-10.5165,-12.3165,-12.3353,-12.3775,-12.3928,0.0153647,0,0,MINE_TEST,1.25
24.5886,-10.5236,-12.3236,-12.3338,-12.3672,-12.3928,0.0256345,0,0,MINE_TEST,1.25
24.6148,-10.5298,-12.3298,-12.3379,-12.3603,-12.3928,0.0325849,0,0,MINE_TEST,1.25
24.6409,-10.5429,-12.3429,-12.3458,-12.3567,-12.3928,0.0361328,0,0,MINE_TEST,1.25
24.6668,-10.5566,-12.3566,-12.3552,-12.3556,-12.3928,0.0371967,0,0,MINE_TEST,1.25
24.6929,-10.5695,-12.3695,-12.3637,-12.3556,-12.3928,0.0372294,0,0,MINE_TEST,1.25
24.7189,-10.5807,-12.3807,-12.3693,-12.355,-12.3928,0.0377976,0,0,MINE_TEST,1.25
24.7447,-10.5856,-12.3856,-12.3699,-12.3526,-12.3928,0.0402794,0,0,MINE_TEST,1.25
24.7707,-10.5791,-12.3791,-12.3642,-12.3471,-12.3928,0.0457022,0,0,MINE_TEST,1.25
24.7963,-10.566,-12.366,-12.3519,-12.3381,-12.3896,0.0514926,0,0,MINE_TEST,1.25
24.8226,-10.5441,-12.3441,-12.3332,-12.3252,-12.3889,0.063744,0,0,MINE_TEST,1.25
24.8487,-10.5197,-12.3197,-12.309,-12.3081,-12.3832,0.0750835,0,0,MINE_TEST,1.25
24.8748,-10.4839,-12.2839,-12.281,-12.2869,-12.3775,0.0906048,0,0,MINE_TEST,1.25
24.9006,-10.4518,-12.2518,-12.2507,-12.2614,-12.377,0.115576,0,0,MINE_TEST,1.25
24.9264,-10.4134,-12.2134,-12.2197,-12.2318,-12.3719,0.140106,0,0,MINE_TEST,1.25
24.9524,-10.3879,-12.1879,-12.1887,-12.198,-12.3674,0.16941,0,0,MINE_TEST,1.25
24.9786,-10.3598,-12.1598,-12.157,-12.1601,-12.3672,0.2071,0,0,MINE_TEST,1.25
25.0045,-10.3325,-12.1325,-12.123,-12.1182,-12.3603,0.242059,0,0,MINE_TEST,1.25
25.0311,-10.3011,-12.1011,-12.0844,-12.0723,-12.3588,0.286593,0,0,MINE_TEST,1.25
25.0573,-10.259,-12.059,-12.0394,-12.0223,-12.3582,0.335859,0,0,MINE_TEST,1.25
25.0834,-10.2026,-12.0026,-11.9871,-11.9685,-12.3567,0.388241,0,0,MINE_TEST,1.25
25.1097,-10.1377,-11.9377,-11.9284,-11.9111,-12.3561,0.444947,0,0,MINE_TEST,1.25
25.1355,-10.0714,-11.8714,-11.8646,-11.8509,-12.3556,0.504742,0,0,MINE_TEST,1.25
25.1615,-9.99703,-11.797,-11.798,-11.7887,-12.3556,0.566909,0,0,MINE_TEST,1.25
25.1876,-9.92757,-11.7276,-11.7306,-11.7259,-12.3556,0.629727,0,0,MINE_TEST,1.25
25.2195,-9.86106,-11.6611,-11.6639,-11.6641,-12.3556,0.691526,0,0,MINE_TEST,1.25
25.2459,-9.79412,-11.5941,-11.6,-11.6053,-12.3556,0.750341,0,0,MINE_TEST,1.25
25.2721,-9.72675,-11.5268,-11.5411,-11.5515,-12.3556,0.804093,0,0,MINE_TEST,1.25
25.2982,-9.66263,-11.4626,-11.4898,-11.5048,-12.3556,0.850822,0,0,MINE_TEST,1.25
25.3242,-9.62094,-11.4209,-11.4485,-11.4668,-12.3556,0.888891,0,0,MINE_TEST,1.25
25.3504,-9.59585,-11.3958,-11.4185,-11.4385,-12.3556,0.917098,0,0,MINE_TEST,1.25
25.3768,-9.58392,-11.3839,-11.4004,-11.4207,-12.355,0.93431,0,0,MINE_TEST,1.25
25.4029,-9.56453,-11.3645,-11.3942,-11.4135,-12.3526,0.939063,0,0,MINE_TEST,1.25
25.4289,-9.57211,-11.3721,-11.3998,-11.4164,-12.3471,0.930763,0,0,MINE_TEST,1.25
25.4552,-9.59759,-11.3976,-11.4163,-11.4285,-12.3381,0.909666,0,0,MINE_TEST,1.25
25.4812,-9.63051,-11.4305,-11.4423,-11.4484,-12.3252,0.876727,0,0,MINE_TEST,1.25
25.5075,-9.66545,-11.4655,-11.4753,-11.4747,-12.3136,0.838894,0,0,MINE_TEST,1.25
25.5334,-9.70744,-11.5074,-11.5132,-11.5056,-12.3081,0.80255,0,0,MINE_TEST,1.25
25.5597,-9.75341,-11.5534,-11.5536,-11.5393,-12.2869,0.747568,0,0,MINE_TEST,1.25
25.5858,-9.79835,-11.5983,-11.5945,-11.5746,-12.2614,0.686787,0,0,MINE_TEST,1.25
25.6122,-9.83985,-11.6398,-11.6342,-11.6108,-12.2569,0.646078,0,0,MINE_TEST,1.25
25.6383,-9.8801,-11.6801,-11.6715,-11.6477,-12.2544,0.606752,0,0,MINE_TEST,1.25
25.6643,-9.91424,-11.7142,-11.7059,-11.6859,-12.2318,0.545851,0,0,MINE_TEST,1.25
25.6903,-9.9415,-11.7415,-11.7382,-11.7269,-12.198,0.471071,0,0,MINE_TEST,1.25
25.7163,-9.9649,-11.7649,-11.7702,-11.7725,-12.1838,0.411336,0,0,MINE_TEST,1.25
25.7426,-9.99312,-11.7931,-11.8044,-11.8244,-12.1601,0.335699,0,0,MINE_TEST,1.25
25.7684,-10.0291,-11.8291,-11.8439,-11.8837,-12.1331,0.249421,0,0,MINE_TEST,1.25
25.7943,-10.0659,-11.8659,-11.8918,-11.9497,-12.1182,0.168505,0,0,MINE_TEST,1.25
25.8205,-10.1231,-11.9231,-11.9502,-12.0198,-12.105,0.0852908,0,0,MINE_TEST,1.25
25.8464,-10.1919,-11.9919,-12.0204,-12.0893,-12.0893,0,0,0,MINE_TEST,1.25
25.8723,-10.2812,-12.0812,-12.101,-12.1527,-12.0893,0.0633326,0,0,MINE_TEST,1.25
25.8987,-10.3787,-12.1787,-12.1876,-12.2039,-12.0893,0.114566,0,0,MINE_TEST,1.25
25.925,-10.4917,-12.2917,-12.2716,-12.238,-12.0893,0.148642,0,0,MINE_TEST,1.25
25.9514,-10.5994,-12.3994,-12.34,-12.2511,-12.0893,0.161829,0,0,MINE_TEST,1.25
25.9773,-10.6855,-12.4855,-12.3773,-12.2412,-12.0893,0.151922,0,0,MINE_TEST,1.25
26.0035,-10.7055,-12.5055,-12.3692,-12.2079,-12.0893,0.118534,0,0,MINE_TEST,1.25
26.0296,-10.641,-12.441,-12.3084,-12.153,-12.0893,0.0636666,0,0,MINE_TEST,1.25
26.056,-10.4945,-12.2945,-12.1983,-12.0815,-12.0815,0,0,0,MINE_TEST,1.25
26.0823,-10.2798,-12.0798,-12.0538,-12.001,-12.0723,0.0712412,0,0,MINE_TEST,1.25
26.1082,-10.0506,-11.8506,-11.898,-11.9203,-12.0223,0.101988,0,0,MINE_TEST,1.25
26.1347,-9.8586,-11.6586,-11.7545,-11.8479,-12.0217,0.173814,0,0,MINE_TEST,1.25
26.1608,-9.73736,-11.5374,-11.6417,-11.7906,-12.0198,0.229154,0,0,MINE_TEST,1.25
26.187,-9.69408,-11.4941,-11.5702,-11.7529,-12.0105,0.257609,0,0,MINE_TEST,1.25
26.213,-9.66788,-11.4679,-11.5457,-11.7369,-12.001,0.26416,0,0,MINE_TEST,1.25
26.2449,-9.63872,-11.4387,-11.5727,-11.7424,-11.9685,0.226085,0,0,MINE_TEST,1.25
26.2713,-9.69912,-11.4991,-11.6521,-11.7669,-11.9497,0.182765,0,0,MINE_TEST,1.25
26.2974,-9.88357,-11.6836,-11.7747,-11.8059,-11.9373,0.131407,0,0,MINE_TEST,1.25
26.3238,-10.1533,-11.9533,-11.9163,-11.8534,-11.9203,0.0669027,0,0,MINE_TEST,1.25
26.35,-10.4204,-12.2204,-12.0438,-11.9027,-11.9111,0.00839248,0,0,MINE_TEST,1.25
26.376,-10.4999,-12.2999,-12.1284,-11.9473,-11.9111,0.0362098,0,0,MINE_TEST,1.25
26.4024,-10.4622,-12.2622,-12.1573,-11.9815,-11.9111,0.0703826,0,0,MINE_TEST,1.25
26.4287,-10.3928,-12.1928,-12.1348,-12.0013,-11.9111,0.0901722,0,0,MINE_TEST,1.25
26.4549,-10.3186,-12.1186,-12.0752,-12.0052,-11.9111,0.0940461,0,0,MINE_TEST,1.25
26.4807,-10.2101,-12.0101,-11.9961,-11.9939,-11.9203,0.0735996,0,0,MINE_TEST,1.25
26.5065,-10.0807,-11.8807,-11.9144,-11.9696,-11.9373,0.0322795,0,0,MINE_TEST,1.25
26.5329,-9.96631,-11.7663,-11.8443,-11.9346,-11.9373,0.0027817,0,0,MINE_TEST,1.25
26.559,-9.92171,-11.7217,-11.7935,-11.891,-11.9373,0.0463414,0,0,MINE_TEST,1.25
26.5851,-9.94978,-11.7498,-11.762,-11.8423,-11.9373,0.0950532,0,0,MINE_TEST,1.25
26.6111,-9.96916,-11.7692,-11.7449,-11.7939,-11.9373,0.143454,0,0,MINE_TEST,1.25
26.6371,-9.92065,-11.7207,-11.7383,-11.7524,-11.9373,0.184894,0,0,MINE_TEST,1.25
26.663,-9.88248,-11.6825,-11.741,-11.7227,-11.9373,0.214636,0,0,MINE_TEST,1.25
26.6887,-9.90909,-11.7091,-11.7496,-11.7048,-11.9373,0.232577,0,0,MINE_TEST,1.25
26.715,-9.99764,-11.7976,-11.7526,-11.6947,-11.9373,0.242668,0,0,MINE_TEST,1.25
26.7408,-10.091,-11.891,-11.7344,-11.6881,-11.9373,0.249246,0,0,MINE_TEST,1.25
26.767,-10.0405,-11.8405,-11.6899,-11.6833,-11.9373,0.254042,0,0,MINE_TEST,1.25
26.7931,-9.78295,-11.583,-11.637,-11.6804,-11.9373,0.256965,0,0,MINE_TEST,1.25
26.8189,-9.51529,-11.3153,-11.6084,-11.6782,-11.9373,0.259171,0,0,MINE_TEST,1.25
26.8448,-9.56039,-11.3604,-11.6235,-11.6734,-11.9373,0.263895,0,0,MINE_TEST,1.25
26.8706,-9.94606,-11.7461,-11.665,-11.6641,-11.9346,0.270415,0,0,MINE_TEST,1.25
26.8963,-10.2985,-12.0985,-11.6918,-11.6531,-11.9203,0.267232,0,0,MINE_TEST,1.25
26.9228,-10.1197,-11.9197,-11.68,-11.6469,-11.9111,0.264269,0,0,MINE_TEST,1.25
26.9486,-9.59526,-11.3953,-11.6474,-11.6493,-11.9027,0.253461,0,0,MINE_TEST,1.25
26.975,-9.4085,-11.2085,-11.6299,-11.6545,-11.891,0.236478,0,0,MINE_TEST,1.25
27.0008,-9.81506,-11.6151,-11.6353,-11.6468,-11.8837,0.236862,0,0,MINE_TEST,1.25
27.0269,-10.319,-12.119,-11.6326,-11.6092,-11.8534,0.244233,0,0,MINE_TEST,1.25
27.053,-10.1388,-11.9388,-11.595,-11.5371,-11.8509,0.313815,0,0,MINE_TEST,1.25
27.0793,-9.45425,-11.2543,-11.5422,-11.4485,-11.8479,0.399378,0,0,MINE_TEST,1.25
27.1052,-9.13613,-10.9361,-11.5207,-11.38,-11.8423,0.462322,0,0,MINE_TEST,1.25
27.1311,-9.53863,-11.3386,-11.5387,-11.3664,-11.8244,0.457967,0,0,MINE_TEST,1.25
27.1575,-10.3229,-12.1229,-11.5344,-11.4179,-11.8059,0.387997,0,0,MINE_TEST,1.25
27.1834,-10.4891,-12.2891,-11.4281,-11.5099,-11.7939,0.283946,0,0,MINE_TEST,1.25
27.2099,-9.64756,-11.4476,-11.2177,-11.5972,-11.7906,0.193408,0,0,MINE_TEST,1.25
27.2361,-8.60019,-10.4002,-11.0238,-11.6412,-11.7887,0.147554,0,0,MINE_TEST,1.25
27.2668,-8.05539,-9.85539,-11.0315,-11.6329,-11.7725,0.139608,0,0,MINE_TEST,1.25
27.2928,-8.31712,-10.1171,-11.3583,-11.5966,-11.7669,0.170295,0,0,MINE_TEST,1.25
27.3188,-9.51774,-11.3177,-11.9342,-11.5742,-11.7529,0.178691,0,0,MINE_TEST,1.25
27.3451,-11.6659,-13.4659,-12.4869,-11.5995,-11.7524,0.152963,0,0,MINE_TEST,1.25
27.3713,-13.8522,-15.6522,-12.6845,-11.6809,-11.7424,0.061492,0,0,MINE_TEST,1.25
27.3973,-12.2285,-14.0285,-12.3657,-11.7986,-11.7424,0.0561917,0,0,MINE_TEST,1.25
27.4232,-9.36251,-11.1625,-11.6815,-11.9136,-11.7424,0.171223,0,0,MINE_TEST,1.25
27.4493,-7.53153,-9.33153,-11.0164,-11.9798,-11.7424,0.237422,0,0,MINE_TEST,1.25
27.4752,-7.03202,-8.83202,-10.746,-11.9544,-11.7424,0.211978,0,0,MINE_TEST,1.25
27.5012,-7.75376,-9.55376,-11.0126,-11.8091,-11.7424,0.0667205,0,0,MINE_TEST,1.25
27.5273,-9.54641,-11.3464,-11.646,-11.5433,-11.7369,0.193517,0,0,MINE_TEST,1.25
27.5535,-12.0699,-13.8699,-12.2573,-11.1935,-11.7269,0.533386,0,0,MINE_TEST,1.25
27.5798,-13.4283,-15.2283,-12.4521,-10.8314,-11.7259,0.894545,0,0,MINE_TEST,1.25
27.6055,-11.7377,-13.5377,-12.0525,-10.5444,-11.7227,1.17831,0,0,MINE_TEST,1.25
27.6312,-9.26558,-11.0656,-11.1839,-10.403,-11.7048,1.30178,0,0,MINE_TEST,1.25
27.6576,-7.40778,-9.20778,-10.1759,-10.4309,-11.6947,1.26374,0,0,MINE_TEST,1.25
27.6836,-6.35044,-8.15044,-9.37449,-10.5991,-11.6881,1.089,0,0,MINE_TEST,1.25
27.7103,-6.02378,-7.82378,-9.00859,-10.8473,-11.6859,0.838585,0,0,MINE_TEST,1.25
27.7368,-6.28889,-8.08889,-9.16429,-11.119,-11.6833,0.564248,0,0,MINE_TEST,1.25
27.7628,-7.0901,-8.8901,-9.81864,-11.3851,-11.6809,0.295767,0,0,MINE_TEST,1.25
27.7889,-8.36281,-10.1628,-10.8665,-11.6459,-11.6804,0.0344187,0,0,MINE_TEST,1.25
27.8148,-10.1666,-11.9666,-12.121,-11.9141,-11.6804,0.233726,0,0,MINE_TEST,1.25
27.8411,-12.2941,-14.0941,-13.3192,-12.1908,-11.6809,0.509904,0,0,MINE_TEST,1.25
27.8674,-14.1378,-15.9378,-14.1756,-12.4512,-11.6833,0.767873,0,0,MINE_TEST,1.25
27.894,-14.608,-16.408,-14.4837,-12.6473,-11.6859,0.961372,0,0,MINE_TEST,1.25
27.9207,-13.4788,-15.2788,-14.2048,-12.7259,-11.6881,1.03786,0,0,MINE_TEST,1.25
27.9475,-11.849,-13.649,-13.475,-12.6483,-11.6947,0.953654,0,0,MINE_TEST,1.25
27.974,-10.4363,-12.2363,-12.5222,-12.4013,-11.7048,0.696496,0,0,MINE_TEST,1.25
27.9999,-9.32884,-11.1288,-11.5592,-11.9984,-11.7227,0.275657,0,0,MINE_TEST,1.25
28.0261,-8.47517,-10.2752,-10.7219,-11.4758,-11.7227,0.246882,0,0,MINE_TEST,1.25
28.0519,-7.8652,-9.6652,-10.0659,-10.887,-11.7227,0.835668,0,0,MINE_TEST,1.25
28.0782,-7.46666,-9.26666,-9.59337,-10.2961,-11.7227,1.42656,0,0,MINE_TEST,1.25
28.1045,-7.23336,-9.03336,-9.28179,-9.76859,-11.7227,1.95411,0,0,MINE_TEST,1.25
28.1311,-7.11606,-8.91606,-9.1011,-9.35864,-11.7227,2.36406,0,0,MINE_TEST,1.25
28.1573,-7.07403,-8.87403,-9.02281,-9.09751,-11.7227,2.62519,0,0,MINE_TEST,1.25
28.1839,-7.11287,-8.91287,-9.02377,-8.98867,-11.7227,2.73402,0,0,MINE_TEST,1.25
28.2102,-7.20007,-9.00007,-9.08728,-9.01318,-11.7227,2.70952,0,0,MINE_TEST,1.25
28.2363,-7.32165,-9.12165,-9.20328,-9.14169,-11.7227,2.58101,0,0,MINE_TEST,1.25
28.2623,-7.47368,-9.27368,-9.36802,-9.34569,-11.7227,2.37701,0,0,MINE_TEST,1.25
28.2941,-7.66934,-9.46934,-9.58265,-9.60303,-11.7227,2.11966,0,0,MINE_TEST,1.25
28.3201,-7.94245,-9.74245,-9.84992,-9.89797,-11.7048,1.80679,0,0,MINE_TEST,1.25
28.3464,-8.22405,-10.0241,-10.169,-10.2189,-11.6947,1.47581,0,0,MINE_TEST,1.25
28.3726,-8.64476,-10.4448,-10.5307,-10.5561,-11.6881,1.13196,0,0,MINE_TEST,1.25
28.3986,-9.18108,-10.9811,-10.9168,-10.9013,-11.6833,0.781991,0,0,MINE_TEST,1.25
28.4248,-9.5573,-11.3573,-11.3057,-11.2467,-11.6809,0.434224,0,0,MINE_TEST,1.25
28.4514,-9.91902,-11.719,-11.6801,-11.5854,-11.6804,0.0949758,0,0,MINE_TEST,1.25
28.4774,-10.2889,-12.0889,-12.029,-11.9118,-11.6804,0.231424,0,0,MINE_TEST,1.25
28.5037,-10.6276,-12.4276,-12.3454,-12.2218,-11.6804,0.541474,0,0,MINE_TEST,1.25
28.53,-10.9188,-12.7188,-12.624,-12.5137,-11.6804,0.833319,0,0,MINE_TEST,1.25
28.5564,-11.163,-12.963,-12.8624,-12.7877,-11.6804,1.1073,0,0,MINE_TEST,1.25
28.5827,-11.3341,-13.1341,-13.0644,-13.0455,-11.6804,1.36511,0,0,MINE_TEST,1.25
28.6091,-11.4559,-13.2559,-13.24,-13.2886,-11.6804,1.60822,0,0,MINE_TEST,1.25
28.6352,-11.5674,-13.3674,-13.4024,-13.5166,-11.6804,1.83619,0,0,MINE_TEST,1.25
28.6614,-11.7622,-13.5622,-13.5632,-13.7261,-11.6804,2.04572,0,0,MINE_TEST,1.25
28.6876,-11.9107,-13.7107,-13.7301,-13.911,-11.6804,2.23064,0,0,MINE_TEST,1.25
28.7138,-12.0679,-13.8679,-13.9053,-14.0631,-11.6804,2.38274,0,0,MINE_TEST,1.25
28.7399,-12.2642,-14.0642,-14.0842,-14.1733,-11.6804,2.49294,0,0,MINE_TEST,1.25
28.7658,-12.4916,-14.2916,-14.2505,-14.2326,-11.6804,2.5522,0,0,MINE_TEST,1.25
28.792,-12.7246,-14.5246,-14.3739,-14.2324,-11.6804,2.55207,0,0,MINE_TEST,1.25
28.8186,-12.9097,-14.7097,-14.4145,-14.1656,-11.6804,2.48523,0,0,MINE_TEST,1.25
28.8452,-12.9321,-14.7321,-14.3363,-14.0268,-11.6804,2.3464,0,0,MINE_TEST,1.25
28.872,-12.6305,-14.4305,-14.1226,-13.8139,-11.6804,2.13357,0,0,MINE_TEST,1.25
28.8982,-12.1552,-13.9552,-13.7833,-13.5295,-11.6804,1.84911,0,0,MINE_TEST,1.25
28.9249,-11.6379,-13.4379,-13.3482,-13.1806,-11.6804,1.50019,0,0,MINE_TEST,1.25
28.9512,-11.0886,-12.8886,-12.8528,-12.7789,-11.6804,1.09849,0,0,MINE_TEST,1.25
28.9776,-10.5282,-12.3282,-12.3285,-12.3399,-11.6804,0.659532,0,0,MINE_TEST,1.25
29.0038,-9.98499,-11.785,-11.8004,-11.8822,-11.6804,0.201876,0,0,MINE_TEST,1.25
29.0297,-9.42245,-11.2225,-11.2915,-11.4265,-11.6782,0.251669,0,0,MINE_TEST,1.25
29.0559,-8.87191,-10.6719,-10.826,-10.9938,-11.6734,0.679592,0,0,MINE_TEST,1.25
29.082,-8.41357,-10.2136,-10.4278,-10.6041,-11.6641,1.06,0,0,MINE_TEST,1.25
29.1081,-8.09706,-9.89706,-10.1143,-10.2738,-11.6545,1.38068,0,0,MINE_TEST,1.25
29.1347,-7.91132,-9.71132,-9.8924,-10.0147,-11.6531,1.63837,0,0,MINE_TEST,1.25
29.1607,-7.80945,-9.60945,-9.75879,-9.83384,-11.6493,1.81543,0,0,MINE_TEST,1.25
29.1871,-7.77326,-9.57326,-9.70505,-9.73467,-11.6469,1.91219,0,0,MINE_TEST,1.25
29.2131,-7.79527,-9.59527,-9.72278,-9.71841,-11.6468,1.92842,0,0,MINE_TEST,1.25
29.239,-7.88752,-9.68752,-9.80676,-9.78532,-11.6459,1.86063,0,0,MINE_TEST,1.25
29.2653,-8.03274,-9.83274,-9.95572,-9.93584,-11.6412,1.70534,0,0,MINE_TEST,1.25
29.292,-8.22869,-10.0287,-10.172,-10.1715,-11.6329,1.46132,0,0,MINE_TEST,1.25
29.324,-8.49245,-10.2925,-10.4603,-10.4955,-11.6092,1.11368,0,0,MINE_TEST,1.25
29.3501,-8.86558,-10.6656,-10.8252,-10.9114,-11.5995,0.688032,0,0,MINE_TEST,1.25
29.3761,-9.30729,-11.1073,-11.2694,-11.4211,-11.5972,0.176097,0,0,MINE_TEST,1.25
29.4022,-9.81228,-11.6123,-11.7927,-12.02,-11.5972,0.422798,0,0,MINE_TEST,1.25
29.4287,-10.4885,-12.2885,-12.3928,-12.6938,-11.5972,1.09656,0,0,MINE_TEST,1.25
29.4553,-11.1215,-12.9215,-13.067,-13.4167,-11.5972,1.81952,0,0,MINE_TEST,1.25
29.4815,-11.8454,-13.6454,-13.8124,-14.1539,-11.5972,2.55666,0,0,MINE_TEST,1.25
29.5078,-12.6748,-14.4748,-14.6191,-14.8653,-11.5972,3.26812,0,0,MINE_TEST,1.25
29.5336,-13.6067,-15.4067,-15.4593,-15.5115,-11.5972,3.91429,0,0,MINE_TEST,1.25
29.5596,-14.6305,-16.4305,-16.2763,-16.0574,-11.5972,4.46024,0,0,MINE_TEST,1.25
29.5857,-15.603,-17.403,-16.9847,-16.4759,-11.5972,4.87872,0,0,MINE_TEST,1.25
29.612,-16.4098,-18.2098,-17.4858,-16.7492,-11.5972,5.15205,0,0,MINE_TEST,1.25
29.6381,-16.7624,-18.5624,-17.6975,-16.8699,-11.5972,5.27269,0,0,MINE_TEST,1.25
29.6641,-16.5402,-18.3402,-17.586,-16.8399,-11.5972,5.24267,0,0,MINE_TEST,1.25
29.6906,-15.8475,-17.6475,-17.1816,-16.6694,-11.5995,5.06993,0,0,MINE_TEST,1.25
29.7169,-14.8968,-16.6968,-16.5682,-16.3753,-11.6329,4.74247,0,0,MINE_TEST,1.25
29.7429,-13.9523,-15.7523,-15.853,-15.9798,-11.6412,4.33865,0,0,MINE_TEST,1.25
29.769,-13.1433,-14.9433,-15.1348,-15.5099,-11.6459,3.86396,0,0,MINE_TEST,1.25
29.7953,-12.4179,-14.2179,-14.4851,-14.9969,-11.6809,3.31598,0,0,MINE_TEST,1.25
29.8214,-11.8378,-13.6378,-13.9446,-14.4746,-11.7986,2.67607,0,0,MINE_TEST,1.25
29.8476,-11.4547,-13.2547,-13.5263,-13.9765,-11.8091,2.16743,0,0,MINE_TEST,1.25
29.8738,-11.2384,-13.0384,-13.2202,-13.5305,-11.8822,1.64821,0,0,MINE_TEST,1.25
29.9005,-11.1026,-12.9026,-13.0006,-13.1543,-11.9118,1.2425,0,0,MINE_TEST,1.25
29.9268,-11.0148,-12.8148,-12.8346,-12.8533,-11.9136,0.939696,0,0,MINE_TEST,1.25
29.953,-10.9366,-12.7366,-12.6925,-12.6209,-11.9141,0.706771,0,0,MINE_TEST,1.25
29.9795,-10.7808,-12.5808,-12.555,-12.4423,-11.9544,0.487895,0,0,MINE_TEST,1.25
30.006,-10.6071,-12.4071,-12.4148,-12.2997,-11.9798,0.31989,0,0,MINE_TEST,1.25
30.032,-10.4606,-12.2606,-12.2721,-12.1767,-11.9984,0.178317,0,0,MINE_TEST,1.25
30.0584,-10.32,-12.12,-12.1292,-12.0604,-12.02,0.0404438,0,0,MINE_TEST,1.25
30.0847,-10.1944,-11.9944,-11.986,-11.9428,-12.02,0.0772036,0,0,MINE_TEST,1.25
30.1112,-10.0632,-11.8632,-11.8409,-11.8198,-12.02,0.200233,0,0,MINE_TEST,1.25
30.1373,-9.90214,-11.7021,-11.6932,-11.6906